solid OpenSCAD_Model
  facet normal -0.8032075288650012 -0.5956993080192207 0
    outer loop
      vertex 0.6741215512156487 1.7777190655469894 0
      vertex 0.9079581871628761 1.4624268636107445 0
      vertex 0.6741215512156487 1.7777190655469894 20
    endloop
  endfacet
  facet normal -0.5956993080192207 -0.8032075288650012 0
    outer loop
      vertex 1.4624268636107445 0.9079581871628761 0
      vertex 1.7777190655469894 0.6741215512156487 0
      vertex 1.4624268636107445 0.9079581871628761 20
    endloop
  endfacet
  facet normal -0.7409511174895533 -0.6715589635251562 0
    outer loop
      vertex 0.9079581871628761 1.4624268636107445 0
      vertex 1.1715728789567947 1.1715728789567947 0
      vertex 0.9079581871628761 1.4624268636107445 20
    endloop
  endfacet
  facet normal -0.6715589635251562 -0.7409511174895533 0
    outer loop
      vertex 1.4624268636107445 0.9079581871628761 0
      vertex 1.1715728789567947 1.1715728789567947 20
      vertex 1.1715728789567947 1.1715728789567947 0
    endloop
  endfacet
  facet normal -0.9415440627982695 -0.3368898600571533 0
    outer loop
      vertex 0.3044818714261055 2.4692662730813026 0
      vertex 0.17223865538835526 2.838861294090748 20
      vertex 0.17223865538835526 2.838861294090748 0
    endloop
  endfacet
  facet normal -0.9039892993552974 -0.4275550802541337 0
    outer loop
      vertex 0.3044818714261055 2.4692662730813026 0
      vertex 0.4723149389028549 2.1144130527973175 0
      vertex 0.3044818714261055 2.4692662730813026 20
    endloop
  endfacet
  facet normal -0.857728607028397 -0.5141027491514958 0
    outer loop
      vertex 0.6741215512156487 1.7777190655469894 0
      vertex 0.4723149389028549 2.1144130527973175 20
      vertex 0.4723149389028549 2.1144130527973175 0
    endloop
  endfacet
  facet normal -0.970031253702096 -0.24298017787700282 0
    outer loop
      vertex 0.17223865538835526 2.838861294090748 0
      vertex 0.07685887813568115 3.2196387127041817 20
      vertex 0.07685887813568115 3.2196387127041817 0
    endloop
  endfacet
  facet normal -0.9891765093153608 -0.14673047883339677 0
    outer loop
      vertex 0.07685887813568115 3.2196387127041817 0
      vertex 0.019261091947555542 3.607931435108185 20
      vertex 0.019261091947555542 3.607931435108185 0
    endloop
  endfacet
  facet normal -0.4275550802541337 -0.9039892993552974 0
    outer loop
      vertex 2.1144130527973175 0.4723149389028549 0
      vertex 2.4692662730813026 0.3044818714261055 0
      vertex 2.1144130527973175 0.4723149389028549 20
    endloop
  endfacet
  facet normal -0.5141027491514958 -0.857728607028397 0
    outer loop
      vertex 1.7777190655469894 0.6741215512156487 0
      vertex 2.1144130527973175 0.4723149389028549 0
      vertex 1.7777190655469894 0.6741215512156487 20
    endloop
  endfacet
  facet normal -0.3368898600571533 -0.9415440627982695 0
    outer loop
      vertex 2.4692662730813026 0.3044818714261055 0
      vertex 2.838861294090748 0.17223865538835526 0
      vertex 2.4692662730813026 0.3044818714261055 20
    endloop
  endfacet
  facet normal -0.24298017787700282 -0.970031253702096 0
    outer loop
      vertex 2.838861294090748 0.17223865538835526 0
      vertex 3.2196387127041817 0.07685887813568115 0
      vertex 2.838861294090748 0.17223865538835526 20
    endloop
  endfacet
  facet normal -0.14673047883339677 -0.9891765093153608 0
    outer loop
      vertex 3.2196387127041817 0.07685887813568115 0
      vertex 3.607931435108185 0.019261091947555542 0
      vertex 3.2196387127041817 0.07685887813568115 20
    endloop
  endfacet
  facet normal -0.0490676704157047 -0.9987954563973426 0
    outer loop
      vertex 3.607931435108185 0.019261091947555542 0
      vertex 4 0 0
      vertex 3.607931435108185 0.019261091947555542 20
    endloop
  endfacet
  facet normal -0.9987954563973426 -0.0490676704157047 0
    outer loop
      vertex 0.019261091947555542 3.607931435108185 0
      vertex 0 4 20
      vertex 0 4 0
    endloop
  endfacet
  facet normal 0 0 -1
    outer loop
      vertex 0.6741215512156487 1.7777190655469894 0
      vertex 29.32587844878435 1.7777190655469894 0
      vertex 0.9079581871628761 1.4624268636107445 0
    endloop
  endfacet
  facet normal 0 0 -1
    outer loop
      vertex 1.7777190655469894 0.6741215512156487 0
      vertex 28.22228093445301 0.6741215512156487 0
      vertex 2.1144130527973175 0.4723149389028549 0
    endloop
  endfacet
  facet normal 0 0 -1
    outer loop
      vertex 1.4624268636107445 0.9079581871628761 0
      vertex 28.537573136389256 0.9079581871628761 0
      vertex 1.7777190655469894 0.6741215512156487 0
    endloop
  endfacet
  facet normal 0 0 -1
    outer loop
      vertex 2.1144130527973175 0.4723149389028549 0
      vertex 27.885586947202682 0.4723149389028549 0
      vertex 2.4692662730813026 0.3044818714261055 0
    endloop
  endfacet
  facet normal 0 0 -1
    outer loop
      vertex 2.4692662730813026 0.3044818714261055 0
      vertex 27.530733726918697 0.3044818714261055 0
      vertex 2.838861294090748 0.17223865538835526 0
    endloop
  endfacet
  facet normal 0 0 -1
    outer loop
      vertex 2.838861294090748 0.17223865538835526 0
      vertex 27.161138705909252 0.17223865538835526 0
      vertex 3.2196387127041817 0.07685887813568115 0
    endloop
  endfacet
  facet normal 0 0 -1
    outer loop
      vertex 3.2196387127041817 0.07685887813568115 0
      vertex 26.78036128729582 0.07685887813568115 0
      vertex 3.607931435108185 0.019261091947555542 0
    endloop
  endfacet
  facet normal 0 0 -1
    outer loop
      vertex 1.4624268636107445 0.9079581871628761 0
      vertex 1.1715728789567947 1.1715728789567947 0
      vertex 28.828427121043205 1.1715728789567947 0
    endloop
  endfacet
  facet normal 0 0 -1
    outer loop
      vertex 0.9079581871628761 1.4624268636107445 0
      vertex 29.092041812837124 1.4624268636107445 0
      vertex 1.1715728789567947 1.1715728789567947 0
    endloop
  endfacet
  facet normal 0 0 -1
    outer loop
      vertex 0.6741215512156487 1.7777190655469894 0
      vertex 0.4723149389028549 2.1144130527973175 0
      vertex 29.527685061097145 2.1144130527973175 0
    endloop
  endfacet
  facet normal 0 0 -1
    outer loop
      vertex 0.3044818714261055 2.4692662730813026 0
      vertex 29.695518128573895 2.4692662730813026 0
      vertex 0.4723149389028549 2.1144130527973175 0
    endloop
  endfacet
  facet normal 0 0 -1
    outer loop
      vertex 0.3044818714261055 2.4692662730813026 0
      vertex 0.17223865538835526 2.838861294090748 0
      vertex 29.827761344611645 2.838861294090748 0
    endloop
  endfacet
  facet normal 0 0 -1
    outer loop
      vertex 0.17223865538835526 2.838861294090748 0
      vertex 0.07685887813568115 3.2196387127041817 0
      vertex 29.92314112186432 3.2196387127041817 0
    endloop
  endfacet
  facet normal 0 0 -1
    outer loop
      vertex 0.07685887813568115 3.2196387127041817 0
      vertex 0.019261091947555542 3.607931435108185 0
      vertex 29.980738908052444 3.607931435108185 0
    endloop
  endfacet
  facet normal 0 0 -1
    outer loop
      vertex 0.019261091947555542 3.607931435108185 0
      vertex 0 4 0
      vertex 30 4 0
    endloop
  endfacet
  facet normal 0 0 -1
    outer loop
      vertex 3.607931435108185 0.019261091947555542 0
      vertex 26.392068564891815 0.019261091947555542 0
      vertex 4 0 0
    endloop
  endfacet
  facet normal 0 -1 0
    outer loop
      vertex 4 0 0
      vertex 26 0 0
      vertex 4 0 20
    endloop
  endfacet
  facet normal -0.8032075288650012 -0.5956993080192207 0
    outer loop
      vertex 0.9079581871628761 1.4624268636107445 0
      vertex 0.9079581871628761 1.4624268636107445 20
      vertex 0.6741215512156487 1.7777190655469894 20
    endloop
  endfacet
  facet normal -0.5956993080192207 -0.8032075288650012 0
    outer loop
      vertex 1.7777190655469894 0.6741215512156487 0
      vertex 1.7777190655469894 0.6741215512156487 20
      vertex 1.4624268636107445 0.9079581871628761 20
    endloop
  endfacet
  facet normal -0.7409511174895533 -0.6715589635251562 0
    outer loop
      vertex 1.1715728789567947 1.1715728789567947 0
      vertex 1.1715728789567947 1.1715728789567947 20
      vertex 0.9079581871628761 1.4624268636107445 20
    endloop
  endfacet
  facet normal -0.6715589635251562 -0.7409511174895533 0
    outer loop
      vertex 1.4624268636107445 0.9079581871628761 0
      vertex 1.4624268636107445 0.9079581871628761 20
      vertex 1.1715728789567947 1.1715728789567947 20
    endloop
  endfacet
  facet normal -0.9039892993552974 -0.4275550802541337 0
    outer loop
      vertex 0.4723149389028549 2.1144130527973175 0
      vertex 0.4723149389028549 2.1144130527973175 20
      vertex 0.3044818714261055 2.4692662730813026 20
    endloop
  endfacet
  facet normal -0.9415440627982695 -0.3368898600571533 0
    outer loop
      vertex 0.3044818714261055 2.4692662730813026 0
      vertex 0.3044818714261055 2.4692662730813026 20
      vertex 0.17223865538835526 2.838861294090748 20
    endloop
  endfacet
  facet normal -0.857728607028397 -0.5141027491514958 0
    outer loop
      vertex 0.6741215512156487 1.7777190655469894 0
      vertex 0.6741215512156487 1.7777190655469894 20
      vertex 0.4723149389028549 2.1144130527973175 20
    endloop
  endfacet
  facet normal -0.970031253702096 -0.24298017787700282 0
    outer loop
      vertex 0.17223865538835526 2.838861294090748 0
      vertex 0.17223865538835526 2.838861294090748 20
      vertex 0.07685887813568115 3.2196387127041817 20
    endloop
  endfacet
  facet normal -0.9891765093153608 -0.14673047883339677 0
    outer loop
      vertex 0.07685887813568115 3.2196387127041817 0
      vertex 0.07685887813568115 3.2196387127041817 20
      vertex 0.019261091947555542 3.607931435108185 20
    endloop
  endfacet
  facet normal -0.9987954563973426 -0.0490676704157047 0
    outer loop
      vertex 0.019261091947555542 3.607931435108185 0
      vertex 0.019261091947555542 3.607931435108185 20
      vertex 0 4 20
    endloop
  endfacet
  facet normal -0.5141027491514958 -0.857728607028397 0
    outer loop
      vertex 2.1144130527973175 0.4723149389028549 0
      vertex 2.1144130527973175 0.4723149389028549 20
      vertex 1.7777190655469894 0.6741215512156487 20
    endloop
  endfacet
  facet normal -0.4275550802541337 -0.9039892993552974 0
    outer loop
      vertex 2.4692662730813026 0.3044818714261055 0
      vertex 2.4692662730813026 0.3044818714261055 20
      vertex 2.1144130527973175 0.4723149389028549 20
    endloop
  endfacet
  facet normal -0.3368898600571533 -0.9415440627982695 0
    outer loop
      vertex 2.838861294090748 0.17223865538835526 0
      vertex 2.838861294090748 0.17223865538835526 20
      vertex 2.4692662730813026 0.3044818714261055 20
    endloop
  endfacet
  facet normal -0.24298017787700282 -0.970031253702096 0
    outer loop
      vertex 3.2196387127041817 0.07685887813568115 0
      vertex 3.2196387127041817 0.07685887813568115 20
      vertex 2.838861294090748 0.17223865538835526 20
    endloop
  endfacet
  facet normal -0.14673047883339677 -0.9891765093153608 0
    outer loop
      vertex 3.607931435108185 0.019261091947555542 0
      vertex 3.607931435108185 0.019261091947555542 20
      vertex 3.2196387127041817 0.07685887813568115 20
    endloop
  endfacet
  facet normal -0.0490676704157047 -0.9987954563973426 0
    outer loop
      vertex 4 0 0
      vertex 4 0 20
      vertex 3.607931435108185 0.019261091947555542 20
    endloop
  endfacet
  facet normal 0 0 1
    outer loop
      vertex 0.6741215512156487 1.7777190655469894 20
      vertex 0.9079581871628761 1.4624268636107445 20
      vertex 2.4624268636107445 1.9079581871628761 20
    endloop
  endfacet
  facet normal 0 0 1
    outer loop
      vertex 0.9079581871628761 1.4624268636107445 20
      vertex 1.1715728789567947 1.1715728789567947 20
      vertex 3.1144130527973175 1.472314938902855 20
    endloop
  endfacet
  facet normal 0 0 1
    outer loop
      vertex 0.3044818714261055 2.4692662730813026 20
      vertex 1.472314938902855 3.1144130527973175 20
      vertex 0.17223865538835526 2.838861294090748 20
    endloop
  endfacet
  facet normal 0 0 1
    outer loop
      vertex 0.3044818714261055 2.4692662730813026 20
      vertex 0.4723149389028549 2.1144130527973175 20
      vertex 1.6741215512156487 2.7777190655469894 20
    endloop
  endfacet
  facet normal 0 0 1
    outer loop
      vertex 0.07685887813568115 3.2196387127041817 20
      vertex 1.1722386553883553 3.838861294090748 20
      vertex 0.019261091947555542 3.607931435108185 20
    endloop
  endfacet
  facet normal 0 0 1
    outer loop
      vertex 0.17223865538835526 2.838861294090748 20
      vertex 1.3044818714261055 3.4692662730813026 20
      vertex 0.07685887813568115 3.2196387127041817 20
    endloop
  endfacet
  facet normal 0 0 1
    outer loop
      vertex 0.07685887813568115 3.2196387127041817 20
      vertex 1.3044818714261055 3.4692662730813026 20
      vertex 1.1722386553883553 3.838861294090748 20
    endloop
  endfacet
  facet normal 0 0 1
    outer loop
      vertex 0.6741215512156487 1.7777190655469894 20
      vertex 2.1715728789567947 2.1715728789567947 20
      vertex 0.4723149389028549 2.1144130527973175 20
    endloop
  endfacet
  facet normal 0 0 1
    outer loop
      vertex 0.3044818714261055 2.4692662730813026 20
      vertex 1.6741215512156487 2.7777190655469894 20
      vertex 1.472314938902855 3.1144130527973175 20
    endloop
  endfacet
  facet normal 0 0 1
    outer loop
      vertex 0.4723149389028549 2.1144130527973175 20
      vertex 1.9079581871628761 2.4624268636107445 20
      vertex 1.6741215512156487 2.7777190655469894 20
    endloop
  endfacet
  facet normal 0 0 1
    outer loop
      vertex 0.4723149389028549 2.1144130527973175 20
      vertex 2.1715728789567947 2.1715728789567947 20
      vertex 1.9079581871628761 2.4624268636107445 20
    endloop
  endfacet
  facet normal 0 0 1
    outer loop
      vertex 0.6741215512156487 1.7777190655469894 20
      vertex 2.4624268636107445 1.9079581871628761 20
      vertex 2.1715728789567947 2.1715728789567947 20
    endloop
  endfacet
  facet normal 0 0 1
    outer loop
      vertex 0.17223865538835526 2.838861294090748 20
      vertex 1.472314938902855 3.1144130527973175 20
      vertex 1.3044818714261055 3.4692662730813026 20
    endloop
  endfacet
  facet normal 0 0 1
    outer loop
      vertex 1.4624268636107445 0.9079581871628761 20
      vertex 3.838861294090748 1.1722386553883553 20
      vertex 1.1715728789567947 1.1715728789567947 20
    endloop
  endfacet
  facet normal 0 0 1
    outer loop
      vertex 0.9079581871628761 1.4624268636107445 20
      vertex 2.7777190655469894 1.6741215512156487 20
      vertex 2.4624268636107445 1.9079581871628761 20
    endloop
  endfacet
  facet normal 0 0 1
    outer loop
      vertex 0.9079581871628761 1.4624268636107445 20
      vertex 3.1144130527973175 1.472314938902855 20
      vertex 2.7777190655469894 1.6741215512156487 20
    endloop
  endfacet
  facet normal 0 0 1
    outer loop
      vertex 1.1715728789567947 1.1715728789567947 20
      vertex 3.4692662730813026 1.3044818714261055 20
      vertex 3.1144130527973175 1.472314938902855 20
    endloop
  endfacet
  facet normal 0 0 1
    outer loop
      vertex 1.1715728789567947 1.1715728789567947 20
      vertex 3.838861294090748 1.1722386553883553 20
      vertex 3.4692662730813026 1.3044818714261055 20
    endloop
  endfacet
  facet normal 0 0 1
    outer loop
      vertex 1.4624268636107445 0.9079581871628761 20
      vertex 4.219638712704182 1.0768588781356812 20
      vertex 3.838861294090748 1.1722386553883553 20
    endloop
  endfacet
  facet normal 0 0 1
    outer loop
      vertex 1.4624268636107445 0.9079581871628761 20
      vertex 4.607931435108185 1.0192610919475555 20
      vertex 4.219638712704182 1.0768588781356812 20
    endloop
  endfacet
  facet normal 0 0 1
    outer loop
      vertex 1.4624268636107445 0.9079581871628761 20
      vertex 5 1 20
      vertex 4.607931435108185 1.0192610919475555 20
    endloop
  endfacet
  facet normal 0 0 1
    outer loop
      vertex 0.019261091947555542 3.607931435108185 20
      vertex 1.0768588781356812 4.219638712704182 20
      vertex 0 4 20
    endloop
  endfacet
  facet normal 0 0 1
    outer loop
      vertex 0.019261091947555542 3.607931435108185 20
      vertex 1.1722386553883553 3.838861294090748 20
      vertex 1.0768588781356812 4.219638712704182 20
    endloop
  endfacet
  facet normal 0 0 1
    outer loop
      vertex 0 4 20
      vertex 1.0768588781356812 4.219638712704182 20
      vertex 1.0192610919475555 4.607931435108185 20
    endloop
  endfacet
  facet normal 0 0 1
    outer loop
      vertex 0 4 20
      vertex 1.0192610919475555 4.607931435108185 20
      vertex 1 5 20
    endloop
  endfacet
  facet normal -1 0 0
    outer loop
      vertex 0 4 0
      vertex 0 4 20
      vertex 0 26 20
    endloop
  endfacet
  facet normal 0 0 1
    outer loop
      vertex 0 4 20
      vertex 1 5 20
      vertex 1 25 20
    endloop
  endfacet
  facet normal 0 0 1
    outer loop
      vertex 1.7777190655469894 0.6741215512156487 20
      vertex 2.1144130527973175 0.4723149389028549 20
      vertex 28.22228093445301 0.6741215512156487 20
    endloop
  endfacet
  facet normal 0 0 1
    outer loop
      vertex 1.4624268636107445 0.9079581871628761 20
      vertex 1.7777190655469894 0.6741215512156487 20
      vertex 28.537573136389256 0.9079581871628761 20
    endloop
  endfacet
  facet normal 0 0 1
    outer loop
      vertex 2.1144130527973175 0.4723149389028549 20
      vertex 2.4692662730813026 0.3044818714261055 20
      vertex 27.885586947202682 0.4723149389028549 20
    endloop
  endfacet
  facet normal 0 0 1
    outer loop
      vertex 2.4692662730813026 0.3044818714261055 20
      vertex 2.838861294090748 0.17223865538835526 20
      vertex 27.530733726918697 0.3044818714261055 20
    endloop
  endfacet
  facet normal 0 0 1
    outer loop
      vertex 2.838861294090748 0.17223865538835526 20
      vertex 3.2196387127041817 0.07685887813568115 20
      vertex 27.161138705909252 0.17223865538835526 20
    endloop
  endfacet
  facet normal 0 0 1
    outer loop
      vertex 3.2196387127041817 0.07685887813568115 20
      vertex 3.607931435108185 0.019261091947555542 20
      vertex 26.78036128729582 0.07685887813568115 20
    endloop
  endfacet
  facet normal 0 0 1
    outer loop
      vertex 3.607931435108185 0.019261091947555542 20
      vertex 4 0 20
      vertex 26.392068564891815 0.019261091947555542 20
    endloop
  endfacet
  facet normal 0 0 1
    outer loop
      vertex 1.4624268636107445 0.9079581871628761 20
      vertex 28.537573136389256 0.9079581871628761 20
      vertex 5 1 20
    endloop
  endfacet
  facet normal -1 0 0
    outer loop
      vertex 0 4 0
      vertex 0 26 20
      vertex 0 26 0
    endloop
  endfacet
  facet normal -0.9987954563973426 0.0490676704157047 0
    outer loop
      vertex 0 26 0
      vertex 0.019261091947555542 26.392068564891815 20
      vertex 0.019261091947555542 26.392068564891815 0
    endloop
  endfacet
  facet normal -0.9891765093153608 0.14673047883339677 0
    outer loop
      vertex 0.019261091947555542 26.392068564891815 0
      vertex 0.07685887813568115 26.78036128729582 20
      vertex 0.07685887813568115 26.78036128729582 0
    endloop
  endfacet
  facet normal -0.970031253702096 0.24298017787700282 0
    outer loop
      vertex 0.07685887813568115 26.78036128729582 0
      vertex 0.17223865538835526 27.161138705909252 20
      vertex 0.17223865538835526 27.161138705909252 0
    endloop
  endfacet
  facet normal -0.9415440627982695 0.3368898600571533 0
    outer loop
      vertex 0.17223865538835526 27.161138705909252 0
      vertex 0.3044818714261055 27.530733726918697 20
      vertex 0.3044818714261055 27.530733726918697 0
    endloop
  endfacet
  facet normal -0.9039892993552974 0.4275550802541337 0
    outer loop
      vertex 0.3044818714261055 27.530733726918697 0
      vertex 0.4723149389028549 27.885586947202682 20
      vertex 0.4723149389028549 27.885586947202682 0
    endloop
  endfacet
  facet normal -0.857728607028397 0.5141027491514958 0
    outer loop
      vertex 0.4723149389028549 27.885586947202682 0
      vertex 0.6741215512156487 28.22228093445301 20
      vertex 0.6741215512156487 28.22228093445301 0
    endloop
  endfacet
  facet normal -0.8032075288650012 0.5956993080192207 0
    outer loop
      vertex 0.6741215512156487 28.22228093445301 0
      vertex 0.9079581871628761 28.537573136389256 20
      vertex 0.9079581871628761 28.537573136389256 0
    endloop
  endfacet
  facet normal -0.7409511174895533 0.6715589635251562 0
    outer loop
      vertex 0.9079581871628761 28.537573136389256 0
      vertex 1.1715728789567947 28.828427121043205 20
      vertex 1.1715728789567947 28.828427121043205 0
    endloop
  endfacet
  facet normal -0.6715589635251562 0.7409511174895533 0
    outer loop
      vertex 1.1715728789567947 28.828427121043205 0
      vertex 1.4624268636107445 29.092041812837124 20
      vertex 1.4624268636107445 29.092041812837124 0
    endloop
  endfacet
  facet normal -0.5956993080192207 0.8032075288650012 0
    outer loop
      vertex 1.4624268636107445 29.092041812837124 0
      vertex 1.7777190655469894 29.32587844878435 20
      vertex 1.7777190655469894 29.32587844878435 0
    endloop
  endfacet
  facet normal -0.5141027491514958 0.857728607028397 0
    outer loop
      vertex 1.7777190655469894 29.32587844878435 0
      vertex 2.1144130527973175 29.527685061097145 20
      vertex 2.1144130527973175 29.527685061097145 0
    endloop
  endfacet
  facet normal -0.4275550802541337 0.9039892993552974 0
    outer loop
      vertex 2.1144130527973175 29.527685061097145 0
      vertex 2.4692662730813026 29.695518128573895 20
      vertex 2.4692662730813026 29.695518128573895 0
    endloop
  endfacet
  facet normal -0.3368898600571533 0.9415440627982695 0
    outer loop
      vertex 2.4692662730813026 29.695518128573895 0
      vertex 2.838861294090748 29.827761344611645 20
      vertex 2.838861294090748 29.827761344611645 0
    endloop
  endfacet
  facet normal -0.24298017787700282 0.970031253702096 0
    outer loop
      vertex 2.838861294090748 29.827761344611645 0
      vertex 3.2196387127041817 29.92314112186432 20
      vertex 3.2196387127041817 29.92314112186432 0
    endloop
  endfacet
  facet normal -0.14673047883339677 0.9891765093153608 0
    outer loop
      vertex 3.2196387127041817 29.92314112186432 0
      vertex 3.607931435108185 29.980738908052444 20
      vertex 3.607931435108185 29.980738908052444 0
    endloop
  endfacet
  facet normal -0.0490676704157047 0.9987954563973426 0
    outer loop
      vertex 3.607931435108185 29.980738908052444 0
      vertex 4 30 20
      vertex 4 30 0
    endloop
  endfacet
  facet normal 0 0 -1
    outer loop
      vertex 0 4 0
      vertex 0 26 0
      vertex 30 26 0
    endloop
  endfacet
  facet normal 0 0 -1
    outer loop
      vertex 0 26 0
      vertex 0.019261091947555542 26.392068564891815 0
      vertex 29.980738908052444 26.392068564891815 0
    endloop
  endfacet
  facet normal 0 0 -1
    outer loop
      vertex 0.019261091947555542 26.392068564891815 0
      vertex 0.07685887813568115 26.78036128729582 0
      vertex 29.92314112186432 26.78036128729582 0
    endloop
  endfacet
  facet normal 0 0 -1
    outer loop
      vertex 0.07685887813568115 26.78036128729582 0
      vertex 0.17223865538835526 27.161138705909252 0
      vertex 29.827761344611645 27.161138705909252 0
    endloop
  endfacet
  facet normal 0 0 -1
    outer loop
      vertex 0.17223865538835526 27.161138705909252 0
      vertex 0.3044818714261055 27.530733726918697 0
      vertex 29.695518128573895 27.530733726918697 0
    endloop
  endfacet
  facet normal 0 0 -1
    outer loop
      vertex 0.3044818714261055 27.530733726918697 0
      vertex 0.4723149389028549 27.885586947202682 0
      vertex 29.527685061097145 27.885586947202682 0
    endloop
  endfacet
  facet normal 0 0 -1
    outer loop
      vertex 0.4723149389028549 27.885586947202682 0
      vertex 0.6741215512156487 28.22228093445301 0
      vertex 29.32587844878435 28.22228093445301 0
    endloop
  endfacet
  facet normal 0 0 -1
    outer loop
      vertex 0.6741215512156487 28.22228093445301 0
      vertex 0.9079581871628761 28.537573136389256 0
      vertex 29.092041812837124 28.537573136389256 0
    endloop
  endfacet
  facet normal 0 0 -1
    outer loop
      vertex 0.9079581871628761 28.537573136389256 0
      vertex 1.1715728789567947 28.828427121043205 0
      vertex 28.828427121043205 28.828427121043205 0
    endloop
  endfacet
  facet normal 0 0 -1
    outer loop
      vertex 1.1715728789567947 28.828427121043205 0
      vertex 1.4624268636107445 29.092041812837124 0
      vertex 28.537573136389256 29.092041812837124 0
    endloop
  endfacet
  facet normal 0 0 -1
    outer loop
      vertex 1.4624268636107445 29.092041812837124 0
      vertex 1.7777190655469894 29.32587844878435 0
      vertex 28.22228093445301 29.32587844878435 0
    endloop
  endfacet
  facet normal 0 0 -1
    outer loop
      vertex 1.7777190655469894 29.32587844878435 0
      vertex 2.1144130527973175 29.527685061097145 0
      vertex 27.885586947202682 29.527685061097145 0
    endloop
  endfacet
  facet normal 0 0 -1
    outer loop
      vertex 2.1144130527973175 29.527685061097145 0
      vertex 2.4692662730813026 29.695518128573895 0
      vertex 27.530733726918697 29.695518128573895 0
    endloop
  endfacet
  facet normal 0 0 -1
    outer loop
      vertex 2.4692662730813026 29.695518128573895 0
      vertex 2.838861294090748 29.827761344611645 0
      vertex 27.161138705909252 29.827761344611645 0
    endloop
  endfacet
  facet normal 0 0 -1
    outer loop
      vertex 2.838861294090748 29.827761344611645 0
      vertex 3.2196387127041817 29.92314112186432 0
      vertex 26.78036128729582 29.92314112186432 0
    endloop
  endfacet
  facet normal 0 0 -1
    outer loop
      vertex 3.2196387127041817 29.92314112186432 0
      vertex 3.607931435108185 29.980738908052444 0
      vertex 26.392068564891815 29.980738908052444 0
    endloop
  endfacet
  facet normal 0 0 -1
    outer loop
      vertex 3.607931435108185 29.980738908052444 0
      vertex 4 30 0
      vertex 26 30 0
    endloop
  endfacet
  facet normal 0 0 1
    outer loop
      vertex 0 4 20
      vertex 1 25 20
      vertex 0 26 20
    endloop
  endfacet
  facet normal -0.9987954563973426 0.0490676704157047 0
    outer loop
      vertex 0 26 0
      vertex 0 26 20
      vertex 0.019261091947555542 26.392068564891815 20
    endloop
  endfacet
  facet normal -0.9891765093153608 0.14673047883339677 0
    outer loop
      vertex 0.019261091947555542 26.392068564891815 0
      vertex 0.019261091947555542 26.392068564891815 20
      vertex 0.07685887813568115 26.78036128729582 20
    endloop
  endfacet
  facet normal -0.970031253702096 0.24298017787700282 0
    outer loop
      vertex 0.07685887813568115 26.78036128729582 0
      vertex 0.07685887813568115 26.78036128729582 20
      vertex 0.17223865538835526 27.161138705909252 20
    endloop
  endfacet
  facet normal -0.9415440627982695 0.3368898600571533 0
    outer loop
      vertex 0.17223865538835526 27.161138705909252 0
      vertex 0.17223865538835526 27.161138705909252 20
      vertex 0.3044818714261055 27.530733726918697 20
    endloop
  endfacet
  facet normal -0.9039892993552974 0.4275550802541337 0
    outer loop
      vertex 0.3044818714261055 27.530733726918697 0
      vertex 0.3044818714261055 27.530733726918697 20
      vertex 0.4723149389028549 27.885586947202682 20
    endloop
  endfacet
  facet normal -0.857728607028397 0.5141027491514958 0
    outer loop
      vertex 0.4723149389028549 27.885586947202682 0
      vertex 0.4723149389028549 27.885586947202682 20
      vertex 0.6741215512156487 28.22228093445301 20
    endloop
  endfacet
  facet normal -0.8032075288650012 0.5956993080192207 0
    outer loop
      vertex 0.6741215512156487 28.22228093445301 0
      vertex 0.6741215512156487 28.22228093445301 20
      vertex 0.9079581871628761 28.537573136389256 20
    endloop
  endfacet
  facet normal -0.7409511174895533 0.6715589635251562 0
    outer loop
      vertex 0.9079581871628761 28.537573136389256 0
      vertex 0.9079581871628761 28.537573136389256 20
      vertex 1.1715728789567947 28.828427121043205 20
    endloop
  endfacet
  facet normal -0.6715589635251562 0.7409511174895533 0
    outer loop
      vertex 1.1715728789567947 28.828427121043205 0
      vertex 1.1715728789567947 28.828427121043205 20
      vertex 1.4624268636107445 29.092041812837124 20
    endloop
  endfacet
  facet normal -0.5956993080192207 0.8032075288650012 0
    outer loop
      vertex 1.4624268636107445 29.092041812837124 0
      vertex 1.4624268636107445 29.092041812837124 20
      vertex 1.7777190655469894 29.32587844878435 20
    endloop
  endfacet
  facet normal -0.5141027491514958 0.857728607028397 0
    outer loop
      vertex 1.7777190655469894 29.32587844878435 0
      vertex 1.7777190655469894 29.32587844878435 20
      vertex 2.1144130527973175 29.527685061097145 20
    endloop
  endfacet
  facet normal -0.4275550802541337 0.9039892993552974 0
    outer loop
      vertex 2.1144130527973175 29.527685061097145 0
      vertex 2.1144130527973175 29.527685061097145 20
      vertex 2.4692662730813026 29.695518128573895 20
    endloop
  endfacet
  facet normal -0.3368898600571533 0.9415440627982695 0
    outer loop
      vertex 2.4692662730813026 29.695518128573895 0
      vertex 2.4692662730813026 29.695518128573895 20
      vertex 2.838861294090748 29.827761344611645 20
    endloop
  endfacet
  facet normal -0.24298017787700282 0.970031253702096 0
    outer loop
      vertex 2.838861294090748 29.827761344611645 0
      vertex 2.838861294090748 29.827761344611645 20
      vertex 3.2196387127041817 29.92314112186432 20
    endloop
  endfacet
  facet normal -0.14673047883339677 0.9891765093153608 0
    outer loop
      vertex 3.2196387127041817 29.92314112186432 0
      vertex 3.2196387127041817 29.92314112186432 20
      vertex 3.607931435108185 29.980738908052444 20
    endloop
  endfacet
  facet normal -0.0490676704157047 0.9987954563973426 0
    outer loop
      vertex 3.607931435108185 29.980738908052444 0
      vertex 3.607931435108185 29.980738908052444 20
      vertex 4 30 20
    endloop
  endfacet
  facet normal 0 0 1
    outer loop
      vertex 0 26 20
      vertex 1.1722386553883553 26.161138705909252 20
      vertex 0.019261091947555542 26.392068564891815 20
    endloop
  endfacet
  facet normal 0 0 1
    outer loop
      vertex 0 26 20
      vertex 1 25 20
      vertex 1.0192610919475555 25.392068564891815 20
    endloop
  endfacet
  facet normal 0 0 1
    outer loop
      vertex 0 26 20
      vertex 1.0192610919475555 25.392068564891815 20
      vertex 1.0768588781356812 25.78036128729582 20
    endloop
  endfacet
  facet normal 0 0 1
    outer loop
      vertex 0 26 20
      vertex 1.0768588781356812 25.78036128729582 20
      vertex 1.1722386553883553 26.161138705909252 20
    endloop
  endfacet
  facet normal 0 0 1
    outer loop
      vertex 0.019261091947555542 26.392068564891815 20
      vertex 1.3044818714261055 26.530733726918697 20
      vertex 0.07685887813568115 26.78036128729582 20
    endloop
  endfacet
  facet normal 0 0 1
    outer loop
      vertex 1.1722386553883553 26.161138705909252 20
      vertex 1.3044818714261055 26.530733726918697 20
      vertex 0.019261091947555542 26.392068564891815 20
    endloop
  endfacet
  facet normal 0 0 1
    outer loop
      vertex 0.07685887813568115 26.78036128729582 20
      vertex 1.472314938902855 26.885586947202682 20
      vertex 0.17223865538835526 27.161138705909252 20
    endloop
  endfacet
  facet normal 0 0 1
    outer loop
      vertex 0.17223865538835526 27.161138705909252 20
      vertex 1.6741215512156487 27.22228093445301 20
      vertex 0.3044818714261055 27.530733726918697 20
    endloop
  endfacet
  facet normal 0 0 1
    outer loop
      vertex 0.07685887813568115 26.78036128729582 20
      vertex 1.3044818714261055 26.530733726918697 20
      vertex 1.472314938902855 26.885586947202682 20
    endloop
  endfacet
  facet normal 0 0 1
    outer loop
      vertex 0.17223865538835526 27.161138705909252 20
      vertex 1.472314938902855 26.885586947202682 20
      vertex 1.6741215512156487 27.22228093445301 20
    endloop
  endfacet
  facet normal 0 0 1
    outer loop
      vertex 0.3044818714261055 27.530733726918697 20
      vertex 1.6741215512156487 27.22228093445301 20
      vertex 1.9079581871628761 27.537573136389256 20
    endloop
  endfacet
  facet normal 0 0 1
    outer loop
      vertex 0.3044818714261055 27.530733726918697 20
      vertex 2.1715728789567947 27.828427121043205 20
      vertex 0.4723149389028549 27.885586947202682 20
    endloop
  endfacet
  facet normal 0 0 1
    outer loop
      vertex 0.4723149389028549 27.885586947202682 20
      vertex 2.4624268636107445 28.092041812837124 20
      vertex 0.6741215512156487 28.22228093445301 20
    endloop
  endfacet
  facet normal 0 0 1
    outer loop
      vertex 0.3044818714261055 27.530733726918697 20
      vertex 1.9079581871628761 27.537573136389256 20
      vertex 2.1715728789567947 27.828427121043205 20
    endloop
  endfacet
  facet normal 0 0 1
    outer loop
      vertex 0.4723149389028549 27.885586947202682 20
      vertex 2.1715728789567947 27.828427121043205 20
      vertex 2.4624268636107445 28.092041812837124 20
    endloop
  endfacet
  facet normal 0 0 1
    outer loop
      vertex 0.6741215512156487 28.22228093445301 20
      vertex 2.7777190655469894 28.32587844878435 20
      vertex 0.9079581871628761 28.537573136389256 20
    endloop
  endfacet
  facet normal 0 0 1
    outer loop
      vertex 0.9079581871628761 28.537573136389256 20
      vertex 3.4692662730813026 28.695518128573895 20
      vertex 1.1715728789567947 28.828427121043205 20
    endloop
  endfacet
  facet normal 0 0 1
    outer loop
      vertex 0.6741215512156487 28.22228093445301 20
      vertex 2.4624268636107445 28.092041812837124 20
      vertex 2.7777190655469894 28.32587844878435 20
    endloop
  endfacet
  facet normal 0 0 1
    outer loop
      vertex 0.9079581871628761 28.537573136389256 20
      vertex 2.7777190655469894 28.32587844878435 20
      vertex 3.1144130527973175 28.527685061097145 20
    endloop
  endfacet
  facet normal 0 0 1
    outer loop
      vertex 1.1715728789567947 28.828427121043205 20
      vertex 4.219638712704182 28.92314112186432 20
      vertex 1.4624268636107445 29.092041812837124 20
    endloop
  endfacet
  facet normal 0 0 1
    outer loop
      vertex 0.9079581871628761 28.537573136389256 20
      vertex 3.1144130527973175 28.527685061097145 20
      vertex 3.4692662730813026 28.695518128573895 20
    endloop
  endfacet
  facet normal 0 0 1
    outer loop
      vertex 1.1715728789567947 28.828427121043205 20
      vertex 3.4692662730813026 28.695518128573895 20
      vertex 3.838861294090748 28.827761344611645 20
    endloop
  endfacet
  facet normal 0 0 1
    outer loop
      vertex 1.1715728789567947 28.828427121043205 20
      vertex 3.838861294090748 28.827761344611645 20
      vertex 4.219638712704182 28.92314112186432 20
    endloop
  endfacet
  facet normal 0 0 1
    outer loop
      vertex 1.4624268636107445 29.092041812837124 20
      vertex 4.219638712704182 28.92314112186432 20
      vertex 4.607931435108185 28.980738908052444 20
    endloop
  endfacet
  facet normal 0 0 1
    outer loop
      vertex 1.4624268636107445 29.092041812837124 20
      vertex 4.607931435108185 28.980738908052444 20
      vertex 5 29 20
    endloop
  endfacet
  facet normal 0 1 0
    outer loop
      vertex 4 30 0
      vertex 4 30 20
      vertex 26 30 20
    endloop
  endfacet
  facet normal 0 0 1
    outer loop
      vertex 1.4624268636107445 29.092041812837124 20
      vertex 5 29 20
      vertex 25 29 20
    endloop
  endfacet
  facet normal 0 0 1
    outer loop
      vertex 1.4624268636107445 29.092041812837124 20
      vertex 28.22228093445301 29.32587844878435 20
      vertex 1.7777190655469894 29.32587844878435 20
    endloop
  endfacet
  facet normal 0 0 1
    outer loop
      vertex 1.7777190655469894 29.32587844878435 20
      vertex 27.885586947202682 29.527685061097145 20
      vertex 2.1144130527973175 29.527685061097145 20
    endloop
  endfacet
  facet normal 0 0 1
    outer loop
      vertex 2.1144130527973175 29.527685061097145 20
      vertex 27.530733726918697 29.695518128573895 20
      vertex 2.4692662730813026 29.695518128573895 20
    endloop
  endfacet
  facet normal 0 0 1
    outer loop
      vertex 2.4692662730813026 29.695518128573895 20
      vertex 27.161138705909252 29.827761344611645 20
      vertex 2.838861294090748 29.827761344611645 20
    endloop
  endfacet
  facet normal 0 0 1
    outer loop
      vertex 2.838861294090748 29.827761344611645 20
      vertex 26.78036128729582 29.92314112186432 20
      vertex 3.2196387127041817 29.92314112186432 20
    endloop
  endfacet
  facet normal 0 0 1
    outer loop
      vertex 3.2196387127041817 29.92314112186432 20
      vertex 26.392068564891815 29.980738908052444 20
      vertex 3.607931435108185 29.980738908052444 20
    endloop
  endfacet
  facet normal 0 0 1
    outer loop
      vertex 3.607931435108185 29.980738908052444 20
      vertex 26 30 20
      vertex 4 30 20
    endloop
  endfacet
  facet normal 0 0 -1
    outer loop
      vertex 4 0 0
      vertex 26.392068564891815 0.019261091947555542 0
      vertex 26 0 0
    endloop
  endfacet
  facet normal 0 0 -1
    outer loop
      vertex 3.607931435108185 0.019261091947555542 0
      vertex 26.78036128729582 0.07685887813568115 0
      vertex 26.392068564891815 0.019261091947555542 0
    endloop
  endfacet
  facet normal 0 0 -1
    outer loop
      vertex 3.2196387127041817 0.07685887813568115 0
      vertex 27.161138705909252 0.17223865538835526 0
      vertex 26.78036128729582 0.07685887813568115 0
    endloop
  endfacet
  facet normal 0 0 -1
    outer loop
      vertex 2.838861294090748 0.17223865538835526 0
      vertex 27.530733726918697 0.3044818714261055 0
      vertex 27.161138705909252 0.17223865538835526 0
    endloop
  endfacet
  facet normal 0 0 -1
    outer loop
      vertex 2.4692662730813026 0.3044818714261055 0
      vertex 27.885586947202682 0.4723149389028549 0
      vertex 27.530733726918697 0.3044818714261055 0
    endloop
  endfacet
  facet normal 0 0 -1
    outer loop
      vertex 2.1144130527973175 0.4723149389028549 0
      vertex 28.22228093445301 0.6741215512156487 0
      vertex 27.885586947202682 0.4723149389028549 0
    endloop
  endfacet
  facet normal 0 0 -1
    outer loop
      vertex 1.7777190655469894 0.6741215512156487 0
      vertex 28.537573136389256 0.9079581871628761 0
      vertex 28.22228093445301 0.6741215512156487 0
    endloop
  endfacet
  facet normal 0 0 -1
    outer loop
      vertex 1.4624268636107445 0.9079581871628761 0
      vertex 28.828427121043205 1.1715728789567947 0
      vertex 28.537573136389256 0.9079581871628761 0
    endloop
  endfacet
  facet normal 0 0 -1
    outer loop
      vertex 1.1715728789567947 1.1715728789567947 0
      vertex 29.092041812837124 1.4624268636107445 0
      vertex 28.828427121043205 1.1715728789567947 0
    endloop
  endfacet
  facet normal 0 0 -1
    outer loop
      vertex 0.9079581871628761 1.4624268636107445 0
      vertex 29.32587844878435 1.7777190655469894 0
      vertex 29.092041812837124 1.4624268636107445 0
    endloop
  endfacet
  facet normal 0 0 -1
    outer loop
      vertex 0.6741215512156487 1.7777190655469894 0
      vertex 29.527685061097145 2.1144130527973175 0
      vertex 29.32587844878435 1.7777190655469894 0
    endloop
  endfacet
  facet normal 0 0 -1
    outer loop
      vertex 0.4723149389028549 2.1144130527973175 0
      vertex 29.695518128573895 2.4692662730813026 0
      vertex 29.527685061097145 2.1144130527973175 0
    endloop
  endfacet
  facet normal 0 0 -1
    outer loop
      vertex 0.3044818714261055 2.4692662730813026 0
      vertex 29.827761344611645 2.838861294090748 0
      vertex 29.695518128573895 2.4692662730813026 0
    endloop
  endfacet
  facet normal 0 0 -1
    outer loop
      vertex 0.17223865538835526 2.838861294090748 0
      vertex 29.92314112186432 3.2196387127041817 0
      vertex 29.827761344611645 2.838861294090748 0
    endloop
  endfacet
  facet normal 0 0 -1
    outer loop
      vertex 0.07685887813568115 3.2196387127041817 0
      vertex 29.980738908052444 3.607931435108185 0
      vertex 29.92314112186432 3.2196387127041817 0
    endloop
  endfacet
  facet normal 0 0 -1
    outer loop
      vertex 0.019261091947555542 3.607931435108185 0
      vertex 30 4 0
      vertex 29.980738908052444 3.607931435108185 0
    endloop
  endfacet
  facet normal 0 0 -1
    outer loop
      vertex 0 4 0
      vertex 30 26 0
      vertex 30 4 0
    endloop
  endfacet
  facet normal 0.0490676704157047 -0.9987954563973426 0
    outer loop
      vertex 26 0 0
      vertex 26.392068564891815 0.019261091947555542 0
      vertex 26 0 20
    endloop
  endfacet
  facet normal 0.14673047883339677 -0.9891765093153608 0
    outer loop
      vertex 26.392068564891815 0.019261091947555542 0
      vertex 26.78036128729582 0.07685887813568115 0
      vertex 26.392068564891815 0.019261091947555542 20
    endloop
  endfacet
  facet normal 0.24298017787700282 -0.970031253702096 0
    outer loop
      vertex 26.78036128729582 0.07685887813568115 0
      vertex 27.161138705909252 0.17223865538835526 0
      vertex 26.78036128729582 0.07685887813568115 20
    endloop
  endfacet
  facet normal 0.3368898600571533 -0.9415440627982695 0
    outer loop
      vertex 27.161138705909252 0.17223865538835526 0
      vertex 27.530733726918697 0.3044818714261055 0
      vertex 27.161138705909252 0.17223865538835526 20
    endloop
  endfacet
  facet normal 0.4275550802541337 -0.9039892993552974 0
    outer loop
      vertex 27.530733726918697 0.3044818714261055 0
      vertex 27.885586947202682 0.4723149389028549 0
      vertex 27.530733726918697 0.3044818714261055 20
    endloop
  endfacet
  facet normal 0.5141027491514958 -0.857728607028397 0
    outer loop
      vertex 27.885586947202682 0.4723149389028549 0
      vertex 28.22228093445301 0.6741215512156487 0
      vertex 27.885586947202682 0.4723149389028549 20
    endloop
  endfacet
  facet normal 0.5956993080192207 -0.8032075288650012 0
    outer loop
      vertex 28.22228093445301 0.6741215512156487 0
      vertex 28.537573136389256 0.9079581871628761 0
      vertex 28.22228093445301 0.6741215512156487 20
    endloop
  endfacet
  facet normal 0.6715589635251562 -0.7409511174895533 0
    outer loop
      vertex 28.537573136389256 0.9079581871628761 0
      vertex 28.828427121043205 1.1715728789567947 0
      vertex 28.537573136389256 0.9079581871628761 20
    endloop
  endfacet
  facet normal 0.7409511174895533 -0.6715589635251562 0
    outer loop
      vertex 28.828427121043205 1.1715728789567947 0
      vertex 29.092041812837124 1.4624268636107445 0
      vertex 28.828427121043205 1.1715728789567947 20
    endloop
  endfacet
  facet normal 0.8032075288650012 -0.5956993080192207 0
    outer loop
      vertex 29.092041812837124 1.4624268636107445 0
      vertex 29.32587844878435 1.7777190655469894 0
      vertex 29.092041812837124 1.4624268636107445 20
    endloop
  endfacet
  facet normal 0.857728607028397 -0.5141027491514958 0
    outer loop
      vertex 29.32587844878435 1.7777190655469894 0
      vertex 29.527685061097145 2.1144130527973175 0
      vertex 29.32587844878435 1.7777190655469894 20
    endloop
  endfacet
  facet normal 0.9039892993552974 -0.4275550802541337 0
    outer loop
      vertex 29.527685061097145 2.1144130527973175 0
      vertex 29.695518128573895 2.4692662730813026 0
      vertex 29.527685061097145 2.1144130527973175 20
    endloop
  endfacet
  facet normal 0.9415440627982695 -0.3368898600571533 0
    outer loop
      vertex 29.695518128573895 2.4692662730813026 0
      vertex 29.827761344611645 2.838861294090748 0
      vertex 29.695518128573895 2.4692662730813026 20
    endloop
  endfacet
  facet normal 0.970031253702096 -0.24298017787700282 0
    outer loop
      vertex 29.827761344611645 2.838861294090748 0
      vertex 29.92314112186432 3.2196387127041817 0
      vertex 29.827761344611645 2.838861294090748 20
    endloop
  endfacet
  facet normal 0.9891765093153608 -0.14673047883339677 0
    outer loop
      vertex 29.92314112186432 3.2196387127041817 0
      vertex 29.980738908052444 3.607931435108185 0
      vertex 29.92314112186432 3.2196387127041817 20
    endloop
  endfacet
  facet normal 0.9987954563973426 -0.0490676704157047 0
    outer loop
      vertex 29.980738908052444 3.607931435108185 0
      vertex 30 4 0
      vertex 29.980738908052444 3.607931435108185 20
    endloop
  endfacet
  facet normal 1 0 0
    outer loop
      vertex 30 4 0
      vertex 30 26 0
      vertex 30 4 20
    endloop
  endfacet
  facet normal 0 -1 0
    outer loop
      vertex 4 0 20
      vertex 26 0 0
      vertex 26 0 20
    endloop
  endfacet
  facet normal 0 0 1
    outer loop
      vertex 4 0 20
      vertex 26 0 20
      vertex 26.392068564891815 0.019261091947555542 20
    endloop
  endfacet
  facet normal 0 0 1
    outer loop
      vertex 3.607931435108185 0.019261091947555542 20
      vertex 26.392068564891815 0.019261091947555542 20
      vertex 26.78036128729582 0.07685887813568115 20
    endloop
  endfacet
  facet normal 0 0 1
    outer loop
      vertex 3.2196387127041817 0.07685887813568115 20
      vertex 26.78036128729582 0.07685887813568115 20
      vertex 27.161138705909252 0.17223865538835526 20
    endloop
  endfacet
  facet normal 0 0 1
    outer loop
      vertex 2.838861294090748 0.17223865538835526 20
      vertex 27.161138705909252 0.17223865538835526 20
      vertex 27.530733726918697 0.3044818714261055 20
    endloop
  endfacet
  facet normal 0 0 1
    outer loop
      vertex 2.4692662730813026 0.3044818714261055 20
      vertex 27.530733726918697 0.3044818714261055 20
      vertex 27.885586947202682 0.4723149389028549 20
    endloop
  endfacet
  facet normal 0 0 1
    outer loop
      vertex 2.1144130527973175 0.4723149389028549 20
      vertex 27.885586947202682 0.4723149389028549 20
      vertex 28.22228093445301 0.6741215512156487 20
    endloop
  endfacet
  facet normal 0 0 1
    outer loop
      vertex 1.7777190655469894 0.6741215512156487 20
      vertex 28.22228093445301 0.6741215512156487 20
      vertex 28.537573136389256 0.9079581871628761 20
    endloop
  endfacet
  facet normal 0 0 1
    outer loop
      vertex 5 1 20
      vertex 28.537573136389256 0.9079581871628761 20
      vertex 25 1 20
    endloop
  endfacet
  facet normal 0.0490676704157047 -0.9987954563973426 0
    outer loop
      vertex 26.392068564891815 0.019261091947555542 0
      vertex 26.392068564891815 0.019261091947555542 20
      vertex 26 0 20
    endloop
  endfacet
  facet normal 0.14673047883339677 -0.9891765093153608 0
    outer loop
      vertex 26.78036128729582 0.07685887813568115 0
      vertex 26.78036128729582 0.07685887813568115 20
      vertex 26.392068564891815 0.019261091947555542 20
    endloop
  endfacet
  facet normal 0.24298017787700282 -0.970031253702096 0
    outer loop
      vertex 27.161138705909252 0.17223865538835526 0
      vertex 27.161138705909252 0.17223865538835526 20
      vertex 26.78036128729582 0.07685887813568115 20
    endloop
  endfacet
  facet normal 0.3368898600571533 -0.9415440627982695 0
    outer loop
      vertex 27.530733726918697 0.3044818714261055 0
      vertex 27.530733726918697 0.3044818714261055 20
      vertex 27.161138705909252 0.17223865538835526 20
    endloop
  endfacet
  facet normal 0.4275550802541337 -0.9039892993552974 0
    outer loop
      vertex 27.885586947202682 0.4723149389028549 0
      vertex 27.885586947202682 0.4723149389028549 20
      vertex 27.530733726918697 0.3044818714261055 20
    endloop
  endfacet
  facet normal 0.5141027491514958 -0.857728607028397 0
    outer loop
      vertex 28.22228093445301 0.6741215512156487 0
      vertex 28.22228093445301 0.6741215512156487 20
      vertex 27.885586947202682 0.4723149389028549 20
    endloop
  endfacet
  facet normal 0.5956993080192207 -0.8032075288650012 0
    outer loop
      vertex 28.537573136389256 0.9079581871628761 0
      vertex 28.537573136389256 0.9079581871628761 20
      vertex 28.22228093445301 0.6741215512156487 20
    endloop
  endfacet
  facet normal 0.6715589635251562 -0.7409511174895533 0
    outer loop
      vertex 28.828427121043205 1.1715728789567947 0
      vertex 28.828427121043205 1.1715728789567947 20
      vertex 28.537573136389256 0.9079581871628761 20
    endloop
  endfacet
  facet normal 0.7409511174895533 -0.6715589635251562 0
    outer loop
      vertex 29.092041812837124 1.4624268636107445 0
      vertex 29.092041812837124 1.4624268636107445 20
      vertex 28.828427121043205 1.1715728789567947 20
    endloop
  endfacet
  facet normal 0.8032075288650012 -0.5956993080192207 0
    outer loop
      vertex 29.32587844878435 1.7777190655469894 0
      vertex 29.32587844878435 1.7777190655469894 20
      vertex 29.092041812837124 1.4624268636107445 20
    endloop
  endfacet
  facet normal 0.857728607028397 -0.5141027491514958 0
    outer loop
      vertex 29.527685061097145 2.1144130527973175 0
      vertex 29.527685061097145 2.1144130527973175 20
      vertex 29.32587844878435 1.7777190655469894 20
    endloop
  endfacet
  facet normal 0.9039892993552974 -0.4275550802541337 0
    outer loop
      vertex 29.695518128573895 2.4692662730813026 0
      vertex 29.695518128573895 2.4692662730813026 20
      vertex 29.527685061097145 2.1144130527973175 20
    endloop
  endfacet
  facet normal 0.9415440627982695 -0.3368898600571533 0
    outer loop
      vertex 29.827761344611645 2.838861294090748 0
      vertex 29.827761344611645 2.838861294090748 20
      vertex 29.695518128573895 2.4692662730813026 20
    endloop
  endfacet
  facet normal 0.970031253702096 -0.24298017787700282 0
    outer loop
      vertex 29.92314112186432 3.2196387127041817 0
      vertex 29.92314112186432 3.2196387127041817 20
      vertex 29.827761344611645 2.838861294090748 20
    endloop
  endfacet
  facet normal 0.9891765093153608 -0.14673047883339677 0
    outer loop
      vertex 29.980738908052444 3.607931435108185 0
      vertex 29.980738908052444 3.607931435108185 20
      vertex 29.92314112186432 3.2196387127041817 20
    endloop
  endfacet
  facet normal 0.9987954563973426 -0.0490676704157047 0
    outer loop
      vertex 30 4 0
      vertex 30 4 20
      vertex 29.980738908052444 3.607931435108185 20
    endloop
  endfacet
  facet normal 0 0 1
    outer loop
      vertex 25 1 20
      vertex 28.537573136389256 0.9079581871628761 20
      vertex 25.392068564891815 1.0192610919475555 20
    endloop
  endfacet
  facet normal 0 0 1
    outer loop
      vertex 25.392068564891815 1.0192610919475555 20
      vertex 28.537573136389256 0.9079581871628761 20
      vertex 25.78036128729582 1.0768588781356812 20
    endloop
  endfacet
  facet normal 0 0 1
    outer loop
      vertex 25.78036128729582 1.0768588781356812 20
      vertex 28.828427121043205 1.1715728789567947 20
      vertex 26.161138705909252 1.1722386553883553 20
    endloop
  endfacet
  facet normal 0 0 1
    outer loop
      vertex 26.161138705909252 1.1722386553883553 20
      vertex 28.828427121043205 1.1715728789567947 20
      vertex 26.530733726918697 1.3044818714261055 20
    endloop
  endfacet
  facet normal 0 0 1
    outer loop
      vertex 26.530733726918697 1.3044818714261055 20
      vertex 29.092041812837124 1.4624268636107445 20
      vertex 26.885586947202682 1.472314938902855 20
    endloop
  endfacet
  facet normal 0 0 1
    outer loop
      vertex 25.78036128729582 1.0768588781356812 20
      vertex 28.537573136389256 0.9079581871628761 20
      vertex 28.828427121043205 1.1715728789567947 20
    endloop
  endfacet
  facet normal 0 0 1
    outer loop
      vertex 26.885586947202682 1.472314938902855 20
      vertex 29.092041812837124 1.4624268636107445 20
      vertex 27.22228093445301 1.6741215512156487 20
    endloop
  endfacet
  facet normal 0 0 1
    outer loop
      vertex 27.22228093445301 1.6741215512156487 20
      vertex 29.32587844878435 1.7777190655469894 20
      vertex 27.537573136389256 1.9079581871628761 20
    endloop
  endfacet
  facet normal 0 0 1
    outer loop
      vertex 26.530733726918697 1.3044818714261055 20
      vertex 28.828427121043205 1.1715728789567947 20
      vertex 29.092041812837124 1.4624268636107445 20
    endloop
  endfacet
  facet normal 0 0 1
    outer loop
      vertex 27.22228093445301 1.6741215512156487 20
      vertex 29.092041812837124 1.4624268636107445 20
      vertex 29.32587844878435 1.7777190655469894 20
    endloop
  endfacet
  facet normal 0 0 1
    outer loop
      vertex 27.537573136389256 1.9079581871628761 20
      vertex 29.527685061097145 2.1144130527973175 20
      vertex 27.828427121043205 2.1715728789567947 20
    endloop
  endfacet
  facet normal 0 0 1
    outer loop
      vertex 27.828427121043205 2.1715728789567947 20
      vertex 29.695518128573895 2.4692662730813026 20
      vertex 28.092041812837124 2.4624268636107445 20
    endloop
  endfacet
  facet normal 0 0 1
    outer loop
      vertex 27.537573136389256 1.9079581871628761 20
      vertex 29.32587844878435 1.7777190655469894 20
      vertex 29.527685061097145 2.1144130527973175 20
    endloop
  endfacet
  facet normal 0 0 1
    outer loop
      vertex 27.828427121043205 2.1715728789567947 20
      vertex 29.527685061097145 2.1144130527973175 20
      vertex 29.695518128573895 2.4692662730813026 20
    endloop
  endfacet
  facet normal 0 0 1
    outer loop
      vertex 28.092041812837124 2.4624268636107445 20
      vertex 29.695518128573895 2.4692662730813026 20
      vertex 28.32587844878435 2.7777190655469894 20
    endloop
  endfacet
  facet normal 0 0 1
    outer loop
      vertex 28.32587844878435 2.7777190655469894 20
      vertex 29.827761344611645 2.838861294090748 20
      vertex 28.527685061097145 3.1144130527973175 20
    endloop
  endfacet
  facet normal 0 0 1
    outer loop
      vertex 28.527685061097145 3.1144130527973175 20
      vertex 29.92314112186432 3.2196387127041817 20
      vertex 28.695518128573895 3.4692662730813026 20
    endloop
  endfacet
  facet normal 0 0 1
    outer loop
      vertex 28.32587844878435 2.7777190655469894 20
      vertex 29.695518128573895 2.4692662730813026 20
      vertex 29.827761344611645 2.838861294090748 20
    endloop
  endfacet
  facet normal 0 0 1
    outer loop
      vertex 28.527685061097145 3.1144130527973175 20
      vertex 29.827761344611645 2.838861294090748 20
      vertex 29.92314112186432 3.2196387127041817 20
    endloop
  endfacet
  facet normal 0 0 1
    outer loop
      vertex 28.695518128573895 3.4692662730813026 20
      vertex 29.980738908052444 3.607931435108185 20
      vertex 28.827761344611645 3.838861294090748 20
    endloop
  endfacet
  facet normal 0 0 1
    outer loop
      vertex 28.695518128573895 3.4692662730813026 20
      vertex 29.92314112186432 3.2196387127041817 20
      vertex 29.980738908052444 3.607931435108185 20
    endloop
  endfacet
  facet normal 0 0 1
    outer loop
      vertex 28.827761344611645 3.838861294090748 20
      vertex 30 4 20
      vertex 28.92314112186432 4.219638712704182 20
    endloop
  endfacet
  facet normal 0 0 1
    outer loop
      vertex 28.92314112186432 4.219638712704182 20
      vertex 30 4 20
      vertex 28.980738908052444 4.607931435108185 20
    endloop
  endfacet
  facet normal 0 0 1
    outer loop
      vertex 28.980738908052444 4.607931435108185 20
      vertex 30 4 20
      vertex 29 5 20
    endloop
  endfacet
  facet normal 0 0 1
    outer loop
      vertex 29.980738908052444 3.607931435108185 20
      vertex 30 4 20
      vertex 28.827761344611645 3.838861294090748 20
    endloop
  endfacet
  facet normal 0 0 1
    outer loop
      vertex 29 5 20
      vertex 30 4 20
      vertex 30 26 20
    endloop
  endfacet
  facet normal 0 0 -1
    outer loop
      vertex 3.607931435108185 29.980738908052444 0
      vertex 26 30 0
      vertex 26.392068564891815 29.980738908052444 0
    endloop
  endfacet
  facet normal 0 0 -1
    outer loop
      vertex 0 26 0
      vertex 29.980738908052444 26.392068564891815 0
      vertex 30 26 0
    endloop
  endfacet
  facet normal 0 0 -1
    outer loop
      vertex 0.019261091947555542 26.392068564891815 0
      vertex 29.92314112186432 26.78036128729582 0
      vertex 29.980738908052444 26.392068564891815 0
    endloop
  endfacet
  facet normal 0 0 -1
    outer loop
      vertex 0.07685887813568115 26.78036128729582 0
      vertex 29.827761344611645 27.161138705909252 0
      vertex 29.92314112186432 26.78036128729582 0
    endloop
  endfacet
  facet normal 0 0 -1
    outer loop
      vertex 0.17223865538835526 27.161138705909252 0
      vertex 29.695518128573895 27.530733726918697 0
      vertex 29.827761344611645 27.161138705909252 0
    endloop
  endfacet
  facet normal 0 0 -1
    outer loop
      vertex 0.3044818714261055 27.530733726918697 0
      vertex 29.527685061097145 27.885586947202682 0
      vertex 29.695518128573895 27.530733726918697 0
    endloop
  endfacet
  facet normal 0 0 -1
    outer loop
      vertex 0.4723149389028549 27.885586947202682 0
      vertex 29.32587844878435 28.22228093445301 0
      vertex 29.527685061097145 27.885586947202682 0
    endloop
  endfacet
  facet normal 0 0 -1
    outer loop
      vertex 0.9079581871628761 28.537573136389256 0
      vertex 28.828427121043205 28.828427121043205 0
      vertex 29.092041812837124 28.537573136389256 0
    endloop
  endfacet
  facet normal 0 0 -1
    outer loop
      vertex 1.1715728789567947 28.828427121043205 0
      vertex 28.537573136389256 29.092041812837124 0
      vertex 28.828427121043205 28.828427121043205 0
    endloop
  endfacet
  facet normal 0 0 -1
    outer loop
      vertex 3.2196387127041817 29.92314112186432 0
      vertex 26.392068564891815 29.980738908052444 0
      vertex 26.78036128729582 29.92314112186432 0
    endloop
  endfacet
  facet normal 0 0 -1
    outer loop
      vertex 2.838861294090748 29.827761344611645 0
      vertex 26.78036128729582 29.92314112186432 0
      vertex 27.161138705909252 29.827761344611645 0
    endloop
  endfacet
  facet normal 0 0 -1
    outer loop
      vertex 2.4692662730813026 29.695518128573895 0
      vertex 27.161138705909252 29.827761344611645 0
      vertex 27.530733726918697 29.695518128573895 0
    endloop
  endfacet
  facet normal 0 0 -1
    outer loop
      vertex 2.1144130527973175 29.527685061097145 0
      vertex 27.530733726918697 29.695518128573895 0
      vertex 27.885586947202682 29.527685061097145 0
    endloop
  endfacet
  facet normal 0 0 -1
    outer loop
      vertex 1.4624268636107445 29.092041812837124 0
      vertex 28.22228093445301 29.32587844878435 0
      vertex 28.537573136389256 29.092041812837124 0
    endloop
  endfacet
  facet normal 0 0 -1
    outer loop
      vertex 1.7777190655469894 29.32587844878435 0
      vertex 27.885586947202682 29.527685061097145 0
      vertex 28.22228093445301 29.32587844878435 0
    endloop
  endfacet
  facet normal 0 0 -1
    outer loop
      vertex 0.6741215512156487 28.22228093445301 0
      vertex 29.092041812837124 28.537573136389256 0
      vertex 29.32587844878435 28.22228093445301 0
    endloop
  endfacet
  facet normal 0 1 0
    outer loop
      vertex 4 30 0
      vertex 26 30 20
      vertex 26 30 0
    endloop
  endfacet
  facet normal 0.9987954563973426 0.0490676704157047 0
    outer loop
      vertex 30 26 0
      vertex 29.980738908052444 26.392068564891815 0
      vertex 30 26 20
    endloop
  endfacet
  facet normal 0.0490676704157047 0.9987954563973426 0
    outer loop
      vertex 26 30 0
      vertex 26.392068564891815 29.980738908052444 20
      vertex 26.392068564891815 29.980738908052444 0
    endloop
  endfacet
  facet normal 0.14673047883339677 0.9891765093153608 0
    outer loop
      vertex 26.392068564891815 29.980738908052444 0
      vertex 26.78036128729582 29.92314112186432 20
      vertex 26.78036128729582 29.92314112186432 0
    endloop
  endfacet
  facet normal 0.24298017787700282 0.970031253702096 0
    outer loop
      vertex 26.78036128729582 29.92314112186432 0
      vertex 27.161138705909252 29.827761344611645 20
      vertex 27.161138705909252 29.827761344611645 0
    endloop
  endfacet
  facet normal 0.3368898600571533 0.9415440627982695 0
    outer loop
      vertex 27.161138705909252 29.827761344611645 0
      vertex 27.530733726918697 29.695518128573895 20
      vertex 27.530733726918697 29.695518128573895 0
    endloop
  endfacet
  facet normal 0.5141027491514958 0.857728607028397 0
    outer loop
      vertex 27.885586947202682 29.527685061097145 0
      vertex 28.22228093445301 29.32587844878435 20
      vertex 28.22228093445301 29.32587844878435 0
    endloop
  endfacet
  facet normal 0.4275550802541337 0.9039892993552974 0
    outer loop
      vertex 27.530733726918697 29.695518128573895 0
      vertex 27.885586947202682 29.527685061097145 20
      vertex 27.885586947202682 29.527685061097145 0
    endloop
  endfacet
  facet normal 0.9891765093153608 0.14673047883339677 0
    outer loop
      vertex 29.980738908052444 26.392068564891815 0
      vertex 29.92314112186432 26.78036128729582 0
      vertex 29.980738908052444 26.392068564891815 20
    endloop
  endfacet
  facet normal 0.970031253702096 0.24298017787700282 0
    outer loop
      vertex 29.92314112186432 26.78036128729582 0
      vertex 29.827761344611645 27.161138705909252 0
      vertex 29.92314112186432 26.78036128729582 20
    endloop
  endfacet
  facet normal 0.857728607028397 0.5141027491514958 0
    outer loop
      vertex 29.527685061097145 27.885586947202682 0
      vertex 29.32587844878435 28.22228093445301 0
      vertex 29.527685061097145 27.885586947202682 20
    endloop
  endfacet
  facet normal 0.9039892993552974 0.4275550802541337 0
    outer loop
      vertex 29.527685061097145 27.885586947202682 0
      vertex 29.695518128573895 27.530733726918697 20
      vertex 29.695518128573895 27.530733726918697 0
    endloop
  endfacet
  facet normal 0.9415440627982695 0.3368898600571533 0
    outer loop
      vertex 29.827761344611645 27.161138705909252 0
      vertex 29.695518128573895 27.530733726918697 0
      vertex 29.827761344611645 27.161138705909252 20
    endloop
  endfacet
  facet normal 0.6715589635251562 0.7409511174895533 0
    outer loop
      vertex 28.828427121043205 28.828427121043205 0
      vertex 28.537573136389256 29.092041812837124 0
      vertex 28.828427121043205 28.828427121043205 20
    endloop
  endfacet
  facet normal 0.7409511174895533 0.6715589635251562 0
    outer loop
      vertex 28.828427121043205 28.828427121043205 0
      vertex 29.092041812837124 28.537573136389256 20
      vertex 29.092041812837124 28.537573136389256 0
    endloop
  endfacet
  facet normal 0.5956993080192207 0.8032075288650012 0
    outer loop
      vertex 28.22228093445301 29.32587844878435 0
      vertex 28.537573136389256 29.092041812837124 20
      vertex 28.537573136389256 29.092041812837124 0
    endloop
  endfacet
  facet normal 0.8032075288650012 0.5956993080192207 0
    outer loop
      vertex 29.092041812837124 28.537573136389256 0
      vertex 29.32587844878435 28.22228093445301 20
      vertex 29.32587844878435 28.22228093445301 0
    endloop
  endfacet
  facet normal 0 0 1
    outer loop
      vertex 1.4624268636107445 29.092041812837124 20
      vertex 25 29 20
      vertex 28.537573136389256 29.092041812837124 20
    endloop
  endfacet
  facet normal 0 0 1
    outer loop
      vertex 3.607931435108185 29.980738908052444 20
      vertex 26.392068564891815 29.980738908052444 20
      vertex 26 30 20
    endloop
  endfacet
  facet normal 0 0 1
    outer loop
      vertex 3.2196387127041817 29.92314112186432 20
      vertex 26.78036128729582 29.92314112186432 20
      vertex 26.392068564891815 29.980738908052444 20
    endloop
  endfacet
  facet normal 0 0 1
    outer loop
      vertex 2.838861294090748 29.827761344611645 20
      vertex 27.161138705909252 29.827761344611645 20
      vertex 26.78036128729582 29.92314112186432 20
    endloop
  endfacet
  facet normal 0 0 1
    outer loop
      vertex 2.4692662730813026 29.695518128573895 20
      vertex 27.530733726918697 29.695518128573895 20
      vertex 27.161138705909252 29.827761344611645 20
    endloop
  endfacet
  facet normal 0 0 1
    outer loop
      vertex 2.1144130527973175 29.527685061097145 20
      vertex 27.885586947202682 29.527685061097145 20
      vertex 27.530733726918697 29.695518128573895 20
    endloop
  endfacet
  facet normal 0 0 1
    outer loop
      vertex 1.4624268636107445 29.092041812837124 20
      vertex 28.537573136389256 29.092041812837124 20
      vertex 28.22228093445301 29.32587844878435 20
    endloop
  endfacet
  facet normal 0 0 1
    outer loop
      vertex 1.7777190655469894 29.32587844878435 20
      vertex 28.22228093445301 29.32587844878435 20
      vertex 27.885586947202682 29.527685061097145 20
    endloop
  endfacet
  facet normal 1 0 0
    outer loop
      vertex 30 4 20
      vertex 30 26 0
      vertex 30 26 20
    endloop
  endfacet
  facet normal 0 0 1
    outer loop
      vertex 29 5 20
      vertex 30 26 20
      vertex 29 25 20
    endloop
  endfacet
  facet normal 0.0490676704157047 0.9987954563973426 0
    outer loop
      vertex 26 30 0
      vertex 26 30 20
      vertex 26.392068564891815 29.980738908052444 20
    endloop
  endfacet
  facet normal 0.14673047883339677 0.9891765093153608 0
    outer loop
      vertex 26.392068564891815 29.980738908052444 0
      vertex 26.392068564891815 29.980738908052444 20
      vertex 26.78036128729582 29.92314112186432 20
    endloop
  endfacet
  facet normal 0.24298017787700282 0.970031253702096 0
    outer loop
      vertex 26.78036128729582 29.92314112186432 0
      vertex 26.78036128729582 29.92314112186432 20
      vertex 27.161138705909252 29.827761344611645 20
    endloop
  endfacet
  facet normal 0.3368898600571533 0.9415440627982695 0
    outer loop
      vertex 27.161138705909252 29.827761344611645 0
      vertex 27.161138705909252 29.827761344611645 20
      vertex 27.530733726918697 29.695518128573895 20
    endloop
  endfacet
  facet normal 0.4275550802541337 0.9039892993552974 0
    outer loop
      vertex 27.530733726918697 29.695518128573895 0
      vertex 27.530733726918697 29.695518128573895 20
      vertex 27.885586947202682 29.527685061097145 20
    endloop
  endfacet
  facet normal 0.5141027491514958 0.857728607028397 0
    outer loop
      vertex 27.885586947202682 29.527685061097145 0
      vertex 27.885586947202682 29.527685061097145 20
      vertex 28.22228093445301 29.32587844878435 20
    endloop
  endfacet
  facet normal 0.9987954563973426 0.0490676704157047 0
    outer loop
      vertex 29.980738908052444 26.392068564891815 0
      vertex 29.980738908052444 26.392068564891815 20
      vertex 30 26 20
    endloop
  endfacet
  facet normal 0.9891765093153608 0.14673047883339677 0
    outer loop
      vertex 29.92314112186432 26.78036128729582 0
      vertex 29.92314112186432 26.78036128729582 20
      vertex 29.980738908052444 26.392068564891815 20
    endloop
  endfacet
  facet normal 0.970031253702096 0.24298017787700282 0
    outer loop
      vertex 29.827761344611645 27.161138705909252 0
      vertex 29.827761344611645 27.161138705909252 20
      vertex 29.92314112186432 26.78036128729582 20
    endloop
  endfacet
  facet normal 0.857728607028397 0.5141027491514958 0
    outer loop
      vertex 29.32587844878435 28.22228093445301 0
      vertex 29.32587844878435 28.22228093445301 20
      vertex 29.527685061097145 27.885586947202682 20
    endloop
  endfacet
  facet normal 0.9415440627982695 0.3368898600571533 0
    outer loop
      vertex 29.695518128573895 27.530733726918697 0
      vertex 29.695518128573895 27.530733726918697 20
      vertex 29.827761344611645 27.161138705909252 20
    endloop
  endfacet
  facet normal 0.9039892993552974 0.4275550802541337 0
    outer loop
      vertex 29.527685061097145 27.885586947202682 0
      vertex 29.527685061097145 27.885586947202682 20
      vertex 29.695518128573895 27.530733726918697 20
    endloop
  endfacet
  facet normal 0.6715589635251562 0.7409511174895533 0
    outer loop
      vertex 28.537573136389256 29.092041812837124 0
      vertex 28.537573136389256 29.092041812837124 20
      vertex 28.828427121043205 28.828427121043205 20
    endloop
  endfacet
  facet normal 0.7409511174895533 0.6715589635251562 0
    outer loop
      vertex 28.828427121043205 28.828427121043205 0
      vertex 28.828427121043205 28.828427121043205 20
      vertex 29.092041812837124 28.537573136389256 20
    endloop
  endfacet
  facet normal 0.5956993080192207 0.8032075288650012 0
    outer loop
      vertex 28.22228093445301 29.32587844878435 0
      vertex 28.22228093445301 29.32587844878435 20
      vertex 28.537573136389256 29.092041812837124 20
    endloop
  endfacet
  facet normal 0.8032075288650012 0.5956993080192207 0
    outer loop
      vertex 29.092041812837124 28.537573136389256 0
      vertex 29.092041812837124 28.537573136389256 20
      vertex 29.32587844878435 28.22228093445301 20
    endloop
  endfacet
  facet normal 0 0 1
    outer loop
      vertex 29 25 20
      vertex 30 26 20
      vertex 28.980738908052444 25.392068564891815 20
    endloop
  endfacet
  facet normal 0 0 1
    outer loop
      vertex 28.980738908052444 25.392068564891815 20
      vertex 30 26 20
      vertex 28.92314112186432 25.78036128729582 20
    endloop
  endfacet
  facet normal 0 0 1
    outer loop
      vertex 28.92314112186432 25.78036128729582 20
      vertex 29.980738908052444 26.392068564891815 20
      vertex 28.827761344611645 26.161138705909252 20
    endloop
  endfacet
  facet normal 0 0 1
    outer loop
      vertex 28.92314112186432 25.78036128729582 20
      vertex 30 26 20
      vertex 29.980738908052444 26.392068564891815 20
    endloop
  endfacet
  facet normal 0 0 1
    outer loop
      vertex 25 29 20
      vertex 25.392068564891815 28.980738908052444 20
      vertex 28.537573136389256 29.092041812837124 20
    endloop
  endfacet
  facet normal 0 0 1
    outer loop
      vertex 25.392068564891815 28.980738908052444 20
      vertex 25.78036128729582 28.92314112186432 20
      vertex 28.537573136389256 29.092041812837124 20
    endloop
  endfacet
  facet normal 0 0 1
    outer loop
      vertex 25.78036128729582 28.92314112186432 20
      vertex 26.161138705909252 28.827761344611645 20
      vertex 28.537573136389256 29.092041812837124 20
    endloop
  endfacet
  facet normal 0 0 1
    outer loop
      vertex 26.161138705909252 28.827761344611645 20
      vertex 26.530733726918697 28.695518128573895 20
      vertex 28.828427121043205 28.828427121043205 20
    endloop
  endfacet
  facet normal 0 0 1
    outer loop
      vertex 26.530733726918697 28.695518128573895 20
      vertex 26.885586947202682 28.527685061097145 20
      vertex 28.828427121043205 28.828427121043205 20
    endloop
  endfacet
  facet normal 0 0 1
    outer loop
      vertex 26.885586947202682 28.527685061097145 20
      vertex 27.22228093445301 28.32587844878435 20
      vertex 29.092041812837124 28.537573136389256 20
    endloop
  endfacet
  facet normal 0 0 1
    outer loop
      vertex 27.537573136389256 28.092041812837124 20
      vertex 29.092041812837124 28.537573136389256 20
      vertex 27.22228093445301 28.32587844878435 20
    endloop
  endfacet
  facet normal 0 0 1
    outer loop
      vertex 26.161138705909252 28.827761344611645 20
      vertex 28.828427121043205 28.828427121043205 20
      vertex 28.537573136389256 29.092041812837124 20
    endloop
  endfacet
  facet normal 0 0 1
    outer loop
      vertex 28.527685061097145 26.885586947202682 20
      vertex 28.695518128573895 26.530733726918697 20
      vertex 29.827761344611645 27.161138705909252 20
    endloop
  endfacet
  facet normal 0 0 1
    outer loop
      vertex 27.537573136389256 28.092041812837124 20
      vertex 27.828427121043205 27.828427121043205 20
      vertex 29.32587844878435 28.22228093445301 20
    endloop
  endfacet
  facet normal 0 0 1
    outer loop
      vertex 28.092041812837124 27.537573136389256 20
      vertex 29.527685061097145 27.885586947202682 20
      vertex 27.828427121043205 27.828427121043205 20
    endloop
  endfacet
  facet normal 0 0 1
    outer loop
      vertex 28.092041812837124 27.537573136389256 20
      vertex 28.32587844878435 27.22228093445301 20
      vertex 29.527685061097145 27.885586947202682 20
    endloop
  endfacet
  facet normal 0 0 1
    outer loop
      vertex 28.527685061097145 26.885586947202682 20
      vertex 29.695518128573895 27.530733726918697 20
      vertex 28.32587844878435 27.22228093445301 20
    endloop
  endfacet
  facet normal 0 0 1
    outer loop
      vertex 27.828427121043205 27.828427121043205 20
      vertex 29.527685061097145 27.885586947202682 20
      vertex 29.32587844878435 28.22228093445301 20
    endloop
  endfacet
  facet normal 0 0 1
    outer loop
      vertex 28.827761344611645 26.161138705909252 20
      vertex 29.92314112186432 26.78036128729582 20
      vertex 28.695518128573895 26.530733726918697 20
    endloop
  endfacet
  facet normal 0 0 1
    outer loop
      vertex 28.695518128573895 26.530733726918697 20
      vertex 29.92314112186432 26.78036128729582 20
      vertex 29.827761344611645 27.161138705909252 20
    endloop
  endfacet
  facet normal 0 0 1
    outer loop
      vertex 28.827761344611645 26.161138705909252 20
      vertex 29.980738908052444 26.392068564891815 20
      vertex 29.92314112186432 26.78036128729582 20
    endloop
  endfacet
  facet normal 0 0 1
    outer loop
      vertex 28.32587844878435 27.22228093445301 20
      vertex 29.695518128573895 27.530733726918697 20
      vertex 29.527685061097145 27.885586947202682 20
    endloop
  endfacet
  facet normal 0 0 1
    outer loop
      vertex 28.527685061097145 26.885586947202682 20
      vertex 29.827761344611645 27.161138705909252 20
      vertex 29.695518128573895 27.530733726918697 20
    endloop
  endfacet
  facet normal 0 0 1
    outer loop
      vertex 26.885586947202682 28.527685061097145 20
      vertex 29.092041812837124 28.537573136389256 20
      vertex 28.828427121043205 28.828427121043205 20
    endloop
  endfacet
  facet normal 0 0 1
    outer loop
      vertex 27.537573136389256 28.092041812837124 20
      vertex 29.32587844878435 28.22228093445301 20
      vertex 29.092041812837124 28.537573136389256 20
    endloop
  endfacet
  facet normal 0.8032075288650011 0.5956993080192206 0
    outer loop
      vertex 1.6741215512156487 2.7777190655469894 1
      vertex 1.6741215512156487 2.7777190655469894 20
      vertex 1.9079581871628761 2.4624268636107445 1
    endloop
  endfacet
  facet normal 0.9039892993552974 0.4275550802541337 0
    outer loop
      vertex 1.3044818714261055 3.4692662730813026 1
      vertex 1.3044818714261055 3.4692662730813026 20
      vertex 1.472314938902855 3.1144130527973175 1
    endloop
  endfacet
  facet normal 0.9415440627982694 0.3368898600571533 0
    outer loop
      vertex 1.3044818714261055 3.4692662730813026 1
      vertex 1.1722386553883553 3.838861294090748 1
      vertex 1.1722386553883553 3.838861294090748 20
    endloop
  endfacet
  facet normal 0.8577286070283969 0.5141027491514957 0
    outer loop
      vertex 1.6741215512156487 2.7777190655469894 1
      vertex 1.472314938902855 3.1144130527973175 1
      vertex 1.472314938902855 3.1144130527973175 20
    endloop
  endfacet
  facet normal 0.5956993080192206 0.8032075288650011 0
    outer loop
      vertex 2.7777190655469894 1.6741215512156487 1
      vertex 2.4624268636107445 1.9079581871628761 1
      vertex 2.4624268636107445 1.9079581871628761 20
    endloop
  endfacet
  facet normal 0.5141027491514957 0.8577286070283969 0
    outer loop
      vertex 2.7777190655469894 1.6741215512156487 1
      vertex 2.7777190655469894 1.6741215512156487 20
      vertex 3.1144130527973175 1.472314938902855 1
    endloop
  endfacet
  facet normal 0.4275550802541337 0.9039892993552974 0
    outer loop
      vertex 3.1144130527973175 1.472314938902855 1
      vertex 3.1144130527973175 1.472314938902855 20
      vertex 3.4692662730813026 1.3044818714261055 1
    endloop
  endfacet
  facet normal 0.3368898600571533 0.9415440627982694 0
    outer loop
      vertex 3.4692662730813026 1.3044818714261055 1
      vertex 3.4692662730813026 1.3044818714261055 20
      vertex 3.838861294090748 1.1722386553883553 1
    endloop
  endfacet
  facet normal 0.6715589635251562 0.7409511174895533 0
    outer loop
      vertex 2.1715728789567947 2.1715728789567947 1
      vertex 2.1715728789567947 2.1715728789567947 20
      vertex 2.4624268636107445 1.9079581871628761 1
    endloop
  endfacet
  facet normal 0.7409511174895533 0.6715589635251562 0
    outer loop
      vertex 2.1715728789567947 2.1715728789567947 1
      vertex 1.9079581871628761 2.4624268636107445 1
      vertex 1.9079581871628761 2.4624268636107445 20
    endloop
  endfacet
  facet normal 0.970031253702096 0.24298017787700282 0
    outer loop
      vertex 1.1722386553883553 3.838861294090748 1
      vertex 1.0768588781356812 4.219638712704182 1
      vertex 1.0768588781356812 4.219638712704182 20
    endloop
  endfacet
  facet normal 0.9891765093153608 0.14673047883339677 0
    outer loop
      vertex 1.0768588781356812 4.219638712704182 1
      vertex 1.0192610919475555 4.607931435108185 1
      vertex 1.0192610919475555 4.607931435108185 20
    endloop
  endfacet
  facet normal 0.9987954563973426 0.049067670415704694 0
    outer loop
      vertex 1.0192610919475555 4.607931435108185 1
      vertex 1 5 1
      vertex 1 5 20
    endloop
  endfacet
  facet normal 0.24298017787700282 0.970031253702096 0
    outer loop
      vertex 3.838861294090748 1.1722386553883553 1
      vertex 3.838861294090748 1.1722386553883553 20
      vertex 4.219638712704182 1.0768588781356812 1
    endloop
  endfacet
  facet normal 0.14673047883339677 0.9891765093153608 0
    outer loop
      vertex 4.219638712704182 1.0768588781356812 1
      vertex 4.219638712704182 1.0768588781356812 20
      vertex 4.607931435108185 1.0192610919475555 1
    endloop
  endfacet
  facet normal 0.049067670415704694 0.9987954563973426 0
    outer loop
      vertex 4.607931435108185 1.0192610919475555 1
      vertex 4.607931435108185 1.0192610919475555 20
      vertex 5 1 1
    endloop
  endfacet
  facet normal 0 0 1
    outer loop
      vertex 1.6741215512156487 2.7777190655469894 1
      vertex 1.9079581871628761 2.4624268636107445 1
      vertex 23.117495858564787 2.80602769102092 1
    endloop
  endfacet
  facet normal 0 0 1
    outer loop
      vertex 2.1715728789567947 2.1715728789567947 1
      vertex 2.4624268636107445 1.9079581871628761 1
      vertex 23.40581480961606 2.266620872978841 1
    endloop
  endfacet
  facet normal 0 0 1
    outer loop
      vertex 2.1715728789567947 2.1715728789567947 1
      vertex 23.117495858564787 2.80602769102092 1
      vertex 1.9079581871628761 2.4624268636107445 1
    endloop
  endfacet
  facet normal 0 0 1
    outer loop
      vertex 1.6741215512156487 2.7777190655469894 1
      vertex 22.93994992514192 3.3913181953096796 1
      vertex 1.472314938902855 3.1144130527973175 1
    endloop
  endfacet
  facet normal 0 0 1
    outer loop
      vertex 1.3044818714261055 3.4692662730813026 1
      vertex 1.472314938902855 3.1144130527973175 1
      vertex 22.88 4 1
    endloop
  endfacet
  facet normal 0 0 1
    outer loop
      vertex 2.7777190655469894 1.6741215512156487 1
      vertex 3.1144130527973175 1.472314938902855 1
      vertex 23.79382684269797 1.7938268426979715 1
    endloop
  endfacet
  facet normal 0 0 1
    outer loop
      vertex 3.1144130527973175 1.472314938902855 1
      vertex 3.4692662730813026 1.3044818714261055 1
      vertex 23.79382684269797 1.7938268426979715 1
    endloop
  endfacet
  facet normal 0 0 1
    outer loop
      vertex 3.4692662730813026 1.3044818714261055 1
      vertex 3.838861294090748 1.1722386553883553 1
      vertex 24.26662087297884 1.405814809616059 1
    endloop
  endfacet
  facet normal 0 0 1
    outer loop
      vertex 3.838861294090748 1.1722386553883553 1
      vertex 4.219638712704182 1.0768588781356812 1
      vertex 24.26662087297884 1.405814809616059 1
    endloop
  endfacet
  facet normal 0 0 1
    outer loop
      vertex 4.219638712704182 1.0768588781356812 1
      vertex 4.607931435108185 1.0192610919475555 1
      vertex 24.80602769102092 1.1174958585647854 1
    endloop
  endfacet
  facet normal 0 0 1
    outer loop
      vertex 2.7777190655469894 1.6741215512156487 1
      vertex 23.40581480961606 2.266620872978841 1
      vertex 2.4624268636107445 1.9079581871628761 1
    endloop
  endfacet
  facet normal 0 0 1
    outer loop
      vertex 1.1722386553883553 3.838861294090748 1
      vertex 22.93994992514192 4.60868180469032 1
      vertex 1.0768588781356812 4.219638712704182 1
    endloop
  endfacet
  facet normal 0 0 1
    outer loop
      vertex 1.0768588781356812 4.219638712704182 1
      vertex 22.93994992514192 4.60868180469032 1
      vertex 1.0192610919475555 4.607931435108185 1
    endloop
  endfacet
  facet normal 0 0 1
    outer loop
      vertex 1.0192610919475555 4.607931435108185 1
      vertex 23.117495858564787 5.19397230897908 1
      vertex 1 5 1
    endloop
  endfacet
  facet normal 0 0 1
    outer loop
      vertex 1.3044818714261055 3.4692662730813026 1
      vertex 22.88 4 1
      vertex 1.1722386553883553 3.838861294090748 1
    endloop
  endfacet
  facet normal 0 0 1
    outer loop
      vertex 4.607931435108185 1.0192610919475555 1
      vertex 5 1 1
      vertex 24.80602769102092 1.1174958585647854 1
    endloop
  endfacet
  facet normal 0 1 0
    outer loop
      vertex 5 1 1
      vertex 5 1 20
      vertex 25 1 1
    endloop
  endfacet
  facet normal 0.8032075288650011 0.5956993080192206 0
    outer loop
      vertex 1.9079581871628761 2.4624268636107445 1
      vertex 1.6741215512156487 2.7777190655469894 20
      vertex 1.9079581871628761 2.4624268636107445 20
    endloop
  endfacet
  facet normal 0.9415440627982694 0.3368898600571533 0
    outer loop
      vertex 1.3044818714261055 3.4692662730813026 1
      vertex 1.1722386553883553 3.838861294090748 20
      vertex 1.3044818714261055 3.4692662730813026 20
    endloop
  endfacet
  facet normal 0.8577286070283969 0.5141027491514957 0
    outer loop
      vertex 1.6741215512156487 2.7777190655469894 1
      vertex 1.472314938902855 3.1144130527973175 20
      vertex 1.6741215512156487 2.7777190655469894 20
    endloop
  endfacet
  facet normal 0.9039892993552974 0.4275550802541337 0
    outer loop
      vertex 1.472314938902855 3.1144130527973175 1
      vertex 1.3044818714261055 3.4692662730813026 20
      vertex 1.472314938902855 3.1144130527973175 20
    endloop
  endfacet
  facet normal 0.5956993080192206 0.8032075288650011 0
    outer loop
      vertex 2.7777190655469894 1.6741215512156487 1
      vertex 2.4624268636107445 1.9079581871628761 20
      vertex 2.7777190655469894 1.6741215512156487 20
    endloop
  endfacet
  facet normal 0.5141027491514957 0.8577286070283969 0
    outer loop
      vertex 3.1144130527973175 1.472314938902855 1
      vertex 2.7777190655469894 1.6741215512156487 20
      vertex 3.1144130527973175 1.472314938902855 20
    endloop
  endfacet
  facet normal 0.4275550802541337 0.9039892993552974 0
    outer loop
      vertex 3.4692662730813026 1.3044818714261055 1
      vertex 3.1144130527973175 1.472314938902855 20
      vertex 3.4692662730813026 1.3044818714261055 20
    endloop
  endfacet
  facet normal 0.3368898600571533 0.9415440627982694 0
    outer loop
      vertex 3.838861294090748 1.1722386553883553 1
      vertex 3.4692662730813026 1.3044818714261055 20
      vertex 3.838861294090748 1.1722386553883553 20
    endloop
  endfacet
  facet normal 0.7409511174895533 0.6715589635251562 0
    outer loop
      vertex 2.1715728789567947 2.1715728789567947 1
      vertex 1.9079581871628761 2.4624268636107445 20
      vertex 2.1715728789567947 2.1715728789567947 20
    endloop
  endfacet
  facet normal 0.6715589635251562 0.7409511174895533 0
    outer loop
      vertex 2.4624268636107445 1.9079581871628761 1
      vertex 2.1715728789567947 2.1715728789567947 20
      vertex 2.4624268636107445 1.9079581871628761 20
    endloop
  endfacet
  facet normal 0.970031253702096 0.24298017787700282 0
    outer loop
      vertex 1.1722386553883553 3.838861294090748 1
      vertex 1.0768588781356812 4.219638712704182 20
      vertex 1.1722386553883553 3.838861294090748 20
    endloop
  endfacet
  facet normal 0.9891765093153608 0.14673047883339677 0
    outer loop
      vertex 1.0768588781356812 4.219638712704182 1
      vertex 1.0192610919475555 4.607931435108185 20
      vertex 1.0768588781356812 4.219638712704182 20
    endloop
  endfacet
  facet normal 0.9987954563973426 0.049067670415704694 0
    outer loop
      vertex 1.0192610919475555 4.607931435108185 1
      vertex 1 5 20
      vertex 1.0192610919475555 4.607931435108185 20
    endloop
  endfacet
  facet normal 0.24298017787700282 0.970031253702096 0
    outer loop
      vertex 4.219638712704182 1.0768588781356812 1
      vertex 3.838861294090748 1.1722386553883553 20
      vertex 4.219638712704182 1.0768588781356812 20
    endloop
  endfacet
  facet normal 0.14673047883339677 0.9891765093153608 0
    outer loop
      vertex 4.607931435108185 1.0192610919475555 1
      vertex 4.219638712704182 1.0768588781356812 20
      vertex 4.607931435108185 1.0192610919475555 20
    endloop
  endfacet
  facet normal 0.049067670415704694 0.9987954563973426 0
    outer loop
      vertex 5 1 1
      vertex 4.607931435108185 1.0192610919475555 20
      vertex 5 1 20
    endloop
  endfacet
  facet normal 1 0 0
    outer loop
      vertex 1 5 1
      vertex 1 25 20
      vertex 1 5 20
    endloop
  endfacet
  facet normal 0 0 1
    outer loop
      vertex 1 5 1
      vertex 1.7938268426979715 23.79382684269797 1
      vertex 1.405814809616059 24.26662087297884 1
    endloop
  endfacet
  facet normal 0 0 1
    outer loop
      vertex 1 5 1
      vertex 2.266620872978841 23.40581480961606 1
      vertex 1.7938268426979715 23.79382684269797 1
    endloop
  endfacet
  facet normal 0 0 1
    outer loop
      vertex 1 5 1
      vertex 1.405814809616059 24.26662087297884 1
      vertex 1.1174958585647854 24.80602769102092 1
    endloop
  endfacet
  facet normal 0 0 1
    outer loop
      vertex 1 5 1
      vertex 1.1174958585647854 24.80602769102092 1
      vertex 1.0081751819547418 25.16640966490645 1
    endloop
  endfacet
  facet normal 0 0 1
    outer loop
      vertex 1 5 1
      vertex 1.0081751819547418 25.16640966490645 1
      vertex 1 25 1
    endloop
  endfacet
  facet normal 0 0 1
    outer loop
      vertex 1 5 1
      vertex 2.80602769102092 23.117495858564787 1
      vertex 2.266620872978841 23.40581480961606 1
    endloop
  endfacet
  facet normal 0 0 1
    outer loop
      vertex 1 5 1
      vertex 3.3913181953096796 22.93994992514192 1
      vertex 2.80602769102092 23.117495858564787 1
    endloop
  endfacet
  facet normal 0 0 1
    outer loop
      vertex 1 5 1
      vertex 4 22.88 1
      vertex 3.3913181953096796 22.93994992514192 1
    endloop
  endfacet
  facet normal 0 0 1
    outer loop
      vertex 1 5 1
      vertex 4.60868180469032 22.93994992514192 1
      vertex 4 22.88 1
    endloop
  endfacet
  facet normal 1 0 0
    outer loop
      vertex 1 5 1
      vertex 1 25 1
      vertex 1 25 20
    endloop
  endfacet
  facet normal 0 0 1
    outer loop
      vertex 2.8969134213489856 24.896913421348987 1
      vertex 3.1333104364894204 24.70290740480803 1
      vertex 5.1030865786510144 24.896913421348987 1
    endloop
  endfacet
  facet normal 0 0 1
    outer loop
      vertex 2.8969134213489856 24.896913421348987 1
      vertex 5.2970925951919705 25.13331043648942 1
      vertex 2.7029074048080295 25.13331043648942 1
    endloop
  endfacet
  facet normal 0 0 1
    outer loop
      vertex 2.7029074048080295 25.13331043648942 1
      vertex 5.441252070717607 25.40301384551046 1
      vertex 2.5587479292823927 25.40301384551046 1
    endloop
  endfacet
  facet normal 0 0 1
    outer loop
      vertex 2.4699749625709604 25.69565909765484 1
      vertex 2.5587479292823927 25.40301384551046 1
      vertex 5.53002503742904 25.69565909765484 1
    endloop
  endfacet
  facet normal 0 0 1
    outer loop
      vertex 2.4699749625709604 25.69565909765484 1
      vertex 5.5600000000000005 26 1
      vertex 2.44 26 1
    endloop
  endfacet
  facet normal 0 0 1
    outer loop
      vertex 2.44 26 1
      vertex 5.53002503742904 26.30434090234516 1
      vertex 2.4699749625709604 26.30434090234516 1
    endloop
  endfacet
  facet normal 0 0 1
    outer loop
      vertex 2.4699749625709604 26.30434090234516 1
      vertex 5.441252070717607 26.59698615448954 1
      vertex 2.5587479292823927 26.59698615448954 1
    endloop
  endfacet
  facet normal 0 0 1
    outer loop
      vertex 2.7029074048080295 26.86668956351058 1
      vertex 2.5587479292823927 26.59698615448954 1
      vertex 5.2970925951919705 26.86668956351058 1
    endloop
  endfacet
  facet normal 0 0 1
    outer loop
      vertex 2.7029074048080295 26.86668956351058 1
      vertex 5.1030865786510144 27.103086578651013 1
      vertex 2.8969134213489856 27.103086578651013 1
    endloop
  endfacet
  facet normal 0 0 1
    outer loop
      vertex 2.8969134213489856 27.103086578651013 1
      vertex 4.86668956351058 27.29709259519197 1
      vertex 3.1333104364894204 27.29709259519197 1
    endloop
  endfacet
  facet normal 0 0 1
    outer loop
      vertex 3.40301384551046 27.441252070717606 1
      vertex 3.1333104364894204 27.29709259519197 1
      vertex 4.5969861544895405 27.441252070717606 1
    endloop
  endfacet
  facet normal 0 0 1
    outer loop
      vertex 3.1333104364894204 24.70290740480803 1
      vertex 3.40301384551046 24.558747929282394 1
      vertex 5.1030865786510144 24.896913421348987 1
    endloop
  endfacet
  facet normal 0 0 1
    outer loop
      vertex 3.69565909765484 24.46997496257096 1
      vertex 4 24.44 1
      vertex 4.5969861544895405 24.558747929282394 1
    endloop
  endfacet
  facet normal 0 0 1
    outer loop
      vertex 3.40301384551046 24.558747929282394 1
      vertex 3.69565909765484 24.46997496257096 1
      vertex 4.86668956351058 24.70290740480803 1
    endloop
  endfacet
  facet normal 0 0 1
    outer loop
      vertex 4 24.44 1
      vertex 4.30434090234516 24.46997496257096 1
      vertex 4.5969861544895405 24.558747929282394 1
    endloop
  endfacet
  facet normal 0 0 1
    outer loop
      vertex 4.5969861544895405 24.558747929282394 1
      vertex 4.86668956351058 24.70290740480803 1
      vertex 3.69565909765484 24.46997496257096 1
    endloop
  endfacet
  facet normal 0 0 1
    outer loop
      vertex 4.86668956351058 24.70290740480803 1
      vertex 5.1030865786510144 24.896913421348987 1
      vertex 3.40301384551046 24.558747929282394 1
    endloop
  endfacet
  facet normal 0 0 1
    outer loop
      vertex 5.2970925951919705 25.13331043648942 1
      vertex 2.8969134213489856 24.896913421348987 1
      vertex 5.1030865786510144 24.896913421348987 1
    endloop
  endfacet
  facet normal 0 0 1
    outer loop
      vertex 5.2970925951919705 25.13331043648942 1
      vertex 5.441252070717607 25.40301384551046 1
      vertex 2.7029074048080295 25.13331043648942 1
    endloop
  endfacet
  facet normal 0 0 1
    outer loop
      vertex 5.53002503742904 25.69565909765484 1
      vertex 2.5587479292823927 25.40301384551046 1
      vertex 5.441252070717607 25.40301384551046 1
    endloop
  endfacet
  facet normal 0 0 1
    outer loop
      vertex 5.5600000000000005 26 1
      vertex 2.4699749625709604 25.69565909765484 1
      vertex 5.53002503742904 25.69565909765484 1
    endloop
  endfacet
  facet normal 0 0 1
    outer loop
      vertex 2.44 26 1
      vertex 5.5600000000000005 26 1
      vertex 5.53002503742904 26.30434090234516 1
    endloop
  endfacet
  facet normal 0 0 1
    outer loop
      vertex 5.441252070717607 26.59698615448954 1
      vertex 5.2970925951919705 26.86668956351058 1
      vertex 2.5587479292823927 26.59698615448954 1
    endloop
  endfacet
  facet normal 0 0 1
    outer loop
      vertex 5.441252070717607 26.59698615448954 1
      vertex 2.4699749625709604 26.30434090234516 1
      vertex 5.53002503742904 26.30434090234516 1
    endloop
  endfacet
  facet normal 0 0 1
    outer loop
      vertex 5.1030865786510144 27.103086578651013 1
      vertex 2.7029074048080295 26.86668956351058 1
      vertex 5.2970925951919705 26.86668956351058 1
    endloop
  endfacet
  facet normal 0 0 1
    outer loop
      vertex 4.86668956351058 27.29709259519197 1
      vertex 2.8969134213489856 27.103086578651013 1
      vertex 5.1030865786510144 27.103086578651013 1
    endloop
  endfacet
  facet normal 0 0 1
    outer loop
      vertex 3.69565909765484 27.53002503742904 1
      vertex 3.40301384551046 27.441252070717606 1
      vertex 4.30434090234516 27.53002503742904 1
    endloop
  endfacet
  facet normal 0 0 1
    outer loop
      vertex 4.86668956351058 27.29709259519197 1
      vertex 4.5969861544895405 27.441252070717606 1
      vertex 3.1333104364894204 27.29709259519197 1
    endloop
  endfacet
  facet normal 0 0 1
    outer loop
      vertex 4.5969861544895405 27.441252070717606 1
      vertex 4.30434090234516 27.53002503742904 1
      vertex 3.40301384551046 27.441252070717606 1
    endloop
  endfacet
  facet normal 0 0 1
    outer loop
      vertex 4 27.56 1
      vertex 3.69565909765484 27.53002503742904 1
      vertex 4.30434090234516 27.53002503742904 1
    endloop
  endfacet
  facet normal 0 0 1
    outer loop
      vertex 5 29 1
      vertex 4.833590335093544 28.99182481804526 1
      vertex 5.19397230897908 28.882504141435213 1
    endloop
  endfacet
  facet normal 0.9987954563973426 -0.04906767041570519 0
    outer loop
      vertex 1 25 1
      vertex 1.0081751819547418 25.16640966490645 1
      vertex 1.0081751819547418 25.16640966490645 19.1
    endloop
  endfacet
  facet normal 0.049067670415696714 -0.998795456397343 0
    outer loop
      vertex 5 29 1
      vertex 5 29 20
      vertex 4.833590335093544 28.99182481804526 1
    endloop
  endfacet
  facet normal 0 0 1
    outer loop
      vertex 1 5 1
      vertex 29 25 1
      vertex 4.60868180469032 22.93994992514192 1
    endloop
  endfacet
  facet normal 0 0 1
    outer loop
      vertex 29 25 1
      vertex 5.19397230897908 23.117495858564787 1
      vertex 4.60868180469032 22.93994992514192 1
    endloop
  endfacet
  facet normal 0 0 1
    outer loop
      vertex 29 25 1
      vertex 5.733379127021159 23.40581480961606 1
      vertex 5.19397230897908 23.117495858564787 1
    endloop
  endfacet
  facet normal 0 0 1
    outer loop
      vertex 29 25 1
      vertex 6.206173157302029 23.79382684269797 1
      vertex 5.733379127021159 23.40581480961606 1
    endloop
  endfacet
  facet normal 0 0 1
    outer loop
      vertex 29 25 1
      vertex 6.594185190383941 24.26662087297884 1
      vertex 6.206173157302029 23.79382684269797 1
    endloop
  endfacet
  facet normal 0 0 1
    outer loop
      vertex 29 25 1
      vertex 6.882504141435215 24.80602769102092 1
      vertex 6.594185190383941 24.26662087297884 1
    endloop
  endfacet
  facet normal 0 0 1
    outer loop
      vertex 28.980738908052444 25.392068564891815 1
      vertex 7.060050074858079 25.39131819530968 1
      vertex 6.882504141435215 24.80602769102092 1
    endloop
  endfacet
  facet normal 0 0 1
    outer loop
      vertex 28.827761344611645 26.161138705909252 1
      vertex 7.12 26 1
      vertex 7.060050074858079 25.39131819530968 1
    endloop
  endfacet
  facet normal 0 0 1
    outer loop
      vertex 5 29 1
      vertex 5.19397230897908 28.882504141435213 1
      vertex 25 29 1
    endloop
  endfacet
  facet normal 0 0 1
    outer loop
      vertex 25.78036128729582 28.92314112186432 1
      vertex 5.19397230897908 28.882504141435213 1
      vertex 5.733379127021159 28.59418519038394 1
    endloop
  endfacet
  facet normal 0 0 1
    outer loop
      vertex 26.530733726918697 28.695518128573895 1
      vertex 5.733379127021159 28.59418519038394 1
      vertex 6.206173157302029 28.20617315730203 1
    endloop
  endfacet
  facet normal 0 0 1
    outer loop
      vertex 27.22228093445301 28.32587844878435 1
      vertex 6.206173157302029 28.20617315730203 1
      vertex 6.594185190383941 27.73337912702116 1
    endloop
  endfacet
  facet normal 0 0 1
    outer loop
      vertex 27.828427121043205 27.828427121043205 1
      vertex 6.594185190383941 27.73337912702116 1
      vertex 6.882504141435215 27.19397230897908 1
    endloop
  endfacet
  facet normal 0 0 1
    outer loop
      vertex 28.527685061097145 26.885586947202682 1
      vertex 7.060050074858079 26.60868180469032 1
      vertex 7.12 26 1
    endloop
  endfacet
  facet normal 0 0 1
    outer loop
      vertex 28.32587844878435 27.22228093445301 1
      vertex 6.882504141435215 27.19397230897908 1
      vertex 7.060050074858079 26.60868180469032 1
    endloop
  endfacet
  facet normal 0.9987954563973425 -0.049067670415705186 0
    outer loop
      vertex 1 25 1
      vertex 1.0081751819547418 25.16640966490645 19.1
      vertex 1 25 20
    endloop
  endfacet
  facet normal 0.04906767041569671 -0.9987954563973429 0
    outer loop
      vertex 5 29 20
      vertex 4.833590335093544 28.99182481804526 19.1
      vertex 4.833590335093544 28.99182481804526 1
    endloop
  endfacet
  facet normal 0.9987954563973426 -0.0490676704157047 9.206690705518636e-17
    outer loop
      vertex 1 25 20
      vertex 1.0081751819547418 25.16640966490645 19.1
      vertex 1.0192610919475555 25.392068564891815 20
    endloop
  endfacet
  facet normal 0.9987954563973426 -0.04906767041570433 0
    outer loop
      vertex 1.0192610919475555 25.392068564891815 20
      vertex 1.0081751819547418 25.16640966490645 19.1
      vertex 1.0192610919475555 25.392068564891815 19.1
    endloop
  endfacet
  facet normal 0.9891765093153608 -0.1467304788333968 0
    outer loop
      vertex 1.0192610919475555 25.392068564891815 20
      vertex 1.0192610919475555 25.392068564891815 19.1
      vertex 1.0768588781356812 25.78036128729582 19.1
    endloop
  endfacet
  facet normal 0.9891765093153608 -0.1467304788333968 0
    outer loop
      vertex 1.0192610919475555 25.392068564891815 20
      vertex 1.0768588781356812 25.78036128729582 19.1
      vertex 1.0768588781356812 25.78036128729582 20
    endloop
  endfacet
  facet normal 0.970031253702096 -0.24298017787700282 0
    outer loop
      vertex 1.0768588781356812 25.78036128729582 20
      vertex 1.0768588781356812 25.78036128729582 19.1
      vertex 1.1722386553883553 26.161138705909252 19.1
    endloop
  endfacet
  facet normal 0.970031253702096 -0.24298017787700282 0
    outer loop
      vertex 1.0768588781356812 25.78036128729582 20
      vertex 1.1722386553883553 26.161138705909252 19.1
      vertex 1.1722386553883553 26.161138705909252 20
    endloop
  endfacet
  facet normal 0.9415440627982695 -0.3368898600571534 0
    outer loop
      vertex 1.1722386553883553 26.161138705909252 20
      vertex 1.1722386553883553 26.161138705909252 19.1
      vertex 1.3044818714261055 26.530733726918697 19.1
    endloop
  endfacet
  facet normal 0.9039892993552973 -0.42755508025413363 0
    outer loop
      vertex 1.3044818714261055 26.530733726918697 20
      vertex 1.3044818714261055 26.530733726918697 19.1
      vertex 1.472314938902855 26.885586947202682 19.1
    endloop
  endfacet
  facet normal 0.9415440627982695 -0.3368898600571534 0
    outer loop
      vertex 1.1722386553883553 26.161138705909252 20
      vertex 1.3044818714261055 26.530733726918697 19.1
      vertex 1.3044818714261055 26.530733726918697 20
    endloop
  endfacet
  facet normal 0.857728607028397 -0.5141027491514958 0
    outer loop
      vertex 1.472314938902855 26.885586947202682 20
      vertex 1.472314938902855 26.885586947202682 19.1
      vertex 1.6741215512156487 27.22228093445301 19.1
    endloop
  endfacet
  facet normal 0.9039892993552973 -0.42755508025413363 0
    outer loop
      vertex 1.3044818714261055 26.530733726918697 20
      vertex 1.472314938902855 26.885586947202682 19.1
      vertex 1.472314938902855 26.885586947202682 20
    endloop
  endfacet
  facet normal 0.857728607028397 -0.5141027491514958 0
    outer loop
      vertex 1.472314938902855 26.885586947202682 20
      vertex 1.6741215512156487 27.22228093445301 19.1
      vertex 1.6741215512156487 27.22228093445301 20
    endloop
  endfacet
  facet normal 0.8032075288650011 -0.5956993080192206 0
    outer loop
      vertex 1.6741215512156487 27.22228093445301 20
      vertex 1.6741215512156487 27.22228093445301 19.1
      vertex 1.9079581871628761 27.537573136389256 19.1
    endloop
  endfacet
  facet normal 0.8032075288650011 -0.5956993080192206 0
    outer loop
      vertex 1.6741215512156487 27.22228093445301 20
      vertex 1.9079581871628761 27.537573136389256 19.1
      vertex 1.9079581871628761 27.537573136389256 20
    endloop
  endfacet
  facet normal 0.7409511174895533 -0.6715589635251562 0
    outer loop
      vertex 1.9079581871628761 27.537573136389256 20
      vertex 1.9079581871628761 27.537573136389256 19.1
      vertex 2.1715728789567947 27.828427121043205 19.1
    endloop
  endfacet
  facet normal 0.6715589635251562 -0.7409511174895533 0
    outer loop
      vertex 2.1715728789567947 27.828427121043205 20
      vertex 2.1715728789567947 27.828427121043205 19.1
      vertex 2.4624268636107445 28.092041812837124 19.1
    endloop
  endfacet
  facet normal 0.7409511174895533 -0.6715589635251562 0
    outer loop
      vertex 1.9079581871628761 27.537573136389256 20
      vertex 2.1715728789567947 27.828427121043205 19.1
      vertex 2.1715728789567947 27.828427121043205 20
    endloop
  endfacet
  facet normal 0.6715589635251562 -0.7409511174895533 0
    outer loop
      vertex 2.1715728789567947 27.828427121043205 20
      vertex 2.4624268636107445 28.092041812837124 19.1
      vertex 2.4624268636107445 28.092041812837124 20
    endloop
  endfacet
  facet normal 0.5956993080192206 -0.8032075288650011 0
    outer loop
      vertex 2.4624268636107445 28.092041812837124 20
      vertex 2.4624268636107445 28.092041812837124 19.1
      vertex 2.7777190655469894 28.32587844878435 19.1
    endloop
  endfacet
  facet normal 0.5956993080192206 -0.8032075288650011 0
    outer loop
      vertex 2.4624268636107445 28.092041812837124 20
      vertex 2.7777190655469894 28.32587844878435 19.1
      vertex 2.7777190655469894 28.32587844878435 20
    endloop
  endfacet
  facet normal 0.5141027491514958 -0.857728607028397 0
    outer loop
      vertex 2.7777190655469894 28.32587844878435 20
      vertex 2.7777190655469894 28.32587844878435 19.1
      vertex 3.1144130527973175 28.527685061097145 19.1
    endloop
  endfacet
  facet normal 0.42755508025413363 -0.9039892993552973 0
    outer loop
      vertex 3.1144130527973175 28.527685061097145 20
      vertex 3.1144130527973175 28.527685061097145 19.1
      vertex 3.4692662730813026 28.695518128573895 19.1
    endloop
  endfacet
  facet normal 0.5141027491514958 -0.857728607028397 0
    outer loop
      vertex 2.7777190655469894 28.32587844878435 20
      vertex 3.1144130527973175 28.527685061097145 19.1
      vertex 3.1144130527973175 28.527685061097145 20
    endloop
  endfacet
  facet normal 0.3368898600571534 -0.9415440627982695 0
    outer loop
      vertex 3.4692662730813026 28.695518128573895 20
      vertex 3.4692662730813026 28.695518128573895 19.1
      vertex 3.838861294090748 28.827761344611645 19.1
    endloop
  endfacet
  facet normal 0.42755508025413363 -0.9039892993552973 0
    outer loop
      vertex 3.1144130527973175 28.527685061097145 20
      vertex 3.4692662730813026 28.695518128573895 19.1
      vertex 3.4692662730813026 28.695518128573895 20
    endloop
  endfacet
  facet normal 0.3368898600571534 -0.9415440627982695 0
    outer loop
      vertex 3.4692662730813026 28.695518128573895 20
      vertex 3.838861294090748 28.827761344611645 19.1
      vertex 3.838861294090748 28.827761344611645 20
    endloop
  endfacet
  facet normal 0.24298017787700282 -0.970031253702096 0
    outer loop
      vertex 3.838861294090748 28.827761344611645 20
      vertex 3.838861294090748 28.827761344611645 19.1
      vertex 4.219638712704182 28.92314112186432 19.1
    endloop
  endfacet
  facet normal 0.24298017787700282 -0.970031253702096 0
    outer loop
      vertex 3.838861294090748 28.827761344611645 20
      vertex 4.219638712704182 28.92314112186432 19.1
      vertex 4.219638712704182 28.92314112186432 20
    endloop
  endfacet
  facet normal 0.1467304788333968 -0.9891765093153608 0
    outer loop
      vertex 4.219638712704182 28.92314112186432 20
      vertex 4.219638712704182 28.92314112186432 19.1
      vertex 4.607931435108185 28.980738908052444 19.1
    endloop
  endfacet
  facet normal 0.04906767041571059 -0.9987954563973422 0
    outer loop
      vertex 4.607931435108185 28.980738908052444 20
      vertex 4.607931435108185 28.980738908052444 19.1
      vertex 4.833590335093544 28.99182481804526 19.1
    endloop
  endfacet
  facet normal 0.1467304788333968 -0.9891765093153608 0
    outer loop
      vertex 4.219638712704182 28.92314112186432 20
      vertex 4.607931435108185 28.980738908052444 19.1
      vertex 4.607931435108185 28.980738908052444 20
    endloop
  endfacet
  facet normal 0.0490676704157047 -0.9987954563973426 -1.4804358654473966e-15
    outer loop
      vertex 4.607931435108185 28.980738908052444 20
      vertex 4.833590335093544 28.99182481804526 19.1
      vertex 5 29 20
    endloop
  endfacet
  facet normal 0 -1 0
    outer loop
      vertex 5 29 1
      vertex 25 29 20
      vertex 5 29 20
    endloop
  endfacet
  facet normal 0 0 1
    outer loop
      vertex 1.6741215512156487 2.7777190655469894 1
      vertex 23.117495858564787 2.80602769102092 1
      vertex 22.93994992514192 3.3913181953096796 1
    endloop
  endfacet
  facet normal 0 0 1
    outer loop
      vertex 1.472314938902855 3.1144130527973175 1
      vertex 22.93994992514192 3.3913181953096796 1
      vertex 22.88 4 1
    endloop
  endfacet
  facet normal 0 0 1
    outer loop
      vertex 2.1715728789567947 2.1715728789567947 1
      vertex 23.40581480961606 2.266620872978841 1
      vertex 23.117495858564787 2.80602769102092 1
    endloop
  endfacet
  facet normal 0 0 1
    outer loop
      vertex 2.7777190655469894 1.6741215512156487 1
      vertex 23.79382684269797 1.7938268426979715 1
      vertex 23.40581480961606 2.266620872978841 1
    endloop
  endfacet
  facet normal 0 0 1
    outer loop
      vertex 3.4692662730813026 1.3044818714261055 1
      vertex 24.26662087297884 1.405814809616059 1
      vertex 23.79382684269797 1.7938268426979715 1
    endloop
  endfacet
  facet normal 0 0 1
    outer loop
      vertex 4.219638712704182 1.0768588781356812 1
      vertex 24.80602769102092 1.1174958585647854 1
      vertex 24.26662087297884 1.405814809616059 1
    endloop
  endfacet
  facet normal 0 0 1
    outer loop
      vertex 5 1 1
      vertex 25 1 1
      vertex 24.80602769102092 1.1174958585647854 1
    endloop
  endfacet
  facet normal 0 0 1
    outer loop
      vertex 1.1722386553883553 3.838861294090748 1
      vertex 22.88 4 1
      vertex 22.93994992514192 4.60868180469032 1
    endloop
  endfacet
  facet normal 0 0 1
    outer loop
      vertex 1.0192610919475555 4.607931435108185 1
      vertex 22.93994992514192 4.60868180469032 1
      vertex 23.117495858564787 5.19397230897908 1
    endloop
  endfacet
  facet normal 0 0 1
    outer loop
      vertex 1 5 1
      vertex 23.117495858564787 5.19397230897908 1
      vertex 23.40581480961606 5.733379127021159 1
    endloop
  endfacet
  facet normal 0 0 1
    outer loop
      vertex 1 5 1
      vertex 23.40581480961606 5.733379127021159 1
      vertex 23.79382684269797 6.206173157302029 1
    endloop
  endfacet
  facet normal 0 0 1
    outer loop
      vertex 1 5 1
      vertex 23.79382684269797 6.206173157302029 1
      vertex 24.26662087297884 6.594185190383941 1
    endloop
  endfacet
  facet normal 0 0 1
    outer loop
      vertex 1 5 1
      vertex 24.26662087297884 6.594185190383941 1
      vertex 24.80602769102092 6.882504141435215 1
    endloop
  endfacet
  facet normal 0 0 1
    outer loop
      vertex 1 5 1
      vertex 24.80602769102092 6.882504141435215 1
      vertex 25.39131819530968 7.060050074858079 1
    endloop
  endfacet
  facet normal 0 0 1
    outer loop
      vertex 1 5 1
      vertex 25.39131819530968 7.060050074858079 1
      vertex 29 25 1
    endloop
  endfacet
  facet normal 0 0 1
    outer loop
      vertex 25 1 1
      vertex 25.16640966490645 1.0081751819547418 1
      vertex 24.80602769102092 1.1174958585647854 1
    endloop
  endfacet
  facet normal 0 0 1
    outer loop
      vertex 26 2.44 1
      vertex 26.30434090234516 2.4699749625709604 1
      vertex 25.69565909765484 2.4699749625709604 1
    endloop
  endfacet
  facet normal 0 0 1
    outer loop
      vertex 25.40301384551046 2.5587479292823927 1
      vertex 25.69565909765484 2.4699749625709604 1
      vertex 26.59698615448954 2.5587479292823927 1
    endloop
  endfacet
  facet normal 0 0 1
    outer loop
      vertex 25.13331043648942 2.7029074048080295 1
      vertex 25.40301384551046 2.5587479292823927 1
      vertex 26.86668956351058 2.7029074048080295 1
    endloop
  endfacet
  facet normal 0 0 1
    outer loop
      vertex 26.30434090234516 2.4699749625709604 1
      vertex 26.59698615448954 2.5587479292823927 1
      vertex 25.69565909765484 2.4699749625709604 1
    endloop
  endfacet
  facet normal 0 0 1
    outer loop
      vertex 25.13331043648942 2.7029074048080295 1
      vertex 27.103086578651013 2.8969134213489856 1
      vertex 24.896913421348987 2.8969134213489856 1
    endloop
  endfacet
  facet normal 0 0 1
    outer loop
      vertex 24.896913421348987 2.8969134213489856 1
      vertex 27.29709259519197 3.1333104364894204 1
      vertex 24.70290740480803 3.1333104364894204 1
    endloop
  endfacet
  facet normal 0 0 1
    outer loop
      vertex 24.558747929282394 3.40301384551046 1
      vertex 27.53002503742904 3.69565909765484 1
      vertex 24.46997496257096 3.69565909765484 1
    endloop
  endfacet
  facet normal 0 0 1
    outer loop
      vertex 24.558747929282394 3.40301384551046 1
      vertex 24.70290740480803 3.1333104364894204 1
      vertex 27.441252070717606 3.40301384551046 1
    endloop
  endfacet
  facet normal 0 0 1
    outer loop
      vertex 24.46997496257096 3.69565909765484 1
      vertex 27.56 4 1
      vertex 24.44 4 1
    endloop
  endfacet
  facet normal 0 0 1
    outer loop
      vertex 24.44 4 1
      vertex 27.53002503742904 4.30434090234516 1
      vertex 24.46997496257096 4.30434090234516 1
    endloop
  endfacet
  facet normal 0 0 1
    outer loop
      vertex 24.46997496257096 4.30434090234516 1
      vertex 27.441252070717606 4.5969861544895405 1
      vertex 24.558747929282394 4.5969861544895405 1
    endloop
  endfacet
  facet normal 0 0 1
    outer loop
      vertex 24.70290740480803 4.86668956351058 1
      vertex 24.558747929282394 4.5969861544895405 1
      vertex 27.29709259519197 4.86668956351058 1
    endloop
  endfacet
  facet normal 0 0 1
    outer loop
      vertex 24.70290740480803 4.86668956351058 1
      vertex 27.103086578651013 5.1030865786510144 1
      vertex 24.896913421348987 5.1030865786510144 1
    endloop
  endfacet
  facet normal 0 0 1
    outer loop
      vertex 25.13331043648942 5.2970925951919705 1
      vertex 24.896913421348987 5.1030865786510144 1
      vertex 26.59698615448954 5.441252070717607 1
    endloop
  endfacet
  facet normal 0 0 1
    outer loop
      vertex 25.40301384551046 5.441252070717607 1
      vertex 25.13331043648942 5.2970925951919705 1
      vertex 26.30434090234516 5.53002503742904 1
    endloop
  endfacet
  facet normal 0 0 1
    outer loop
      vertex 25.40301384551046 5.441252070717607 1
      vertex 26 5.5600000000000005 1
      vertex 25.69565909765484 5.53002503742904 1
    endloop
  endfacet
  facet normal 0 0 1
    outer loop
      vertex 26.59698615448954 5.441252070717607 1
      vertex 26.30434090234516 5.53002503742904 1
      vertex 25.13331043648942 5.2970925951919705 1
    endloop
  endfacet
  facet normal 0 0 1
    outer loop
      vertex 26.30434090234516 5.53002503742904 1
      vertex 26 5.5600000000000005 1
      vertex 25.40301384551046 5.441252070717607 1
    endloop
  endfacet
  facet normal 0 0 1
    outer loop
      vertex 26.86668956351058 5.2970925951919705 1
      vertex 26.59698615448954 5.441252070717607 1
      vertex 24.896913421348987 5.1030865786510144 1
    endloop
  endfacet
  facet normal 0 0 1
    outer loop
      vertex 26.59698615448954 2.5587479292823927 1
      vertex 26.86668956351058 2.7029074048080295 1
      vertex 25.40301384551046 2.5587479292823927 1
    endloop
  endfacet
  facet normal 0 0 1
    outer loop
      vertex 27.103086578651013 2.8969134213489856 1
      vertex 25.13331043648942 2.7029074048080295 1
      vertex 26.86668956351058 2.7029074048080295 1
    endloop
  endfacet
  facet normal 0 0 1
    outer loop
      vertex 24.896913421348987 2.8969134213489856 1
      vertex 27.103086578651013 2.8969134213489856 1
      vertex 27.29709259519197 3.1333104364894204 1
    endloop
  endfacet
  facet normal 0 0 1
    outer loop
      vertex 27.29709259519197 3.1333104364894204 1
      vertex 27.441252070717606 3.40301384551046 1
      vertex 24.70290740480803 3.1333104364894204 1
    endloop
  endfacet
  facet normal 0 0 1
    outer loop
      vertex 27.53002503742904 3.69565909765484 1
      vertex 24.558747929282394 3.40301384551046 1
      vertex 27.441252070717606 3.40301384551046 1
    endloop
  endfacet
  facet normal 0 0 1
    outer loop
      vertex 27.56 4 1
      vertex 24.46997496257096 3.69565909765484 1
      vertex 27.53002503742904 3.69565909765484 1
    endloop
  endfacet
  facet normal 0 0 1
    outer loop
      vertex 24.44 4 1
      vertex 27.56 4 1
      vertex 27.53002503742904 4.30434090234516 1
    endloop
  endfacet
  facet normal 0 0 1
    outer loop
      vertex 27.53002503742904 4.30434090234516 1
      vertex 27.441252070717606 4.5969861544895405 1
      vertex 24.46997496257096 4.30434090234516 1
    endloop
  endfacet
  facet normal 0 0 1
    outer loop
      vertex 27.29709259519197 4.86668956351058 1
      vertex 24.558747929282394 4.5969861544895405 1
      vertex 27.441252070717606 4.5969861544895405 1
    endloop
  endfacet
  facet normal 0 0 1
    outer loop
      vertex 27.103086578651013 5.1030865786510144 1
      vertex 24.70290740480803 4.86668956351058 1
      vertex 27.29709259519197 4.86668956351058 1
    endloop
  endfacet
  facet normal 0 0 1
    outer loop
      vertex 27.103086578651013 5.1030865786510144 1
      vertex 26.86668956351058 5.2970925951919705 1
      vertex 24.896913421348987 5.1030865786510144 1
    endloop
  endfacet
  facet normal -0.049067670415705186 0.9987954563973425 0
    outer loop
      vertex 25 1 1
      vertex 25 1 20
      vertex 25.16640966490645 1.0081751819547418 1
    endloop
  endfacet
  facet normal -0.9987954563973428 0.049067670415697755 0
    outer loop
      vertex 29 5 1
      vertex 28.99182481804526 4.833590335093548 1
      vertex 28.99182481804526 4.833590335093548 19.1
    endloop
  endfacet
  facet normal 0 0 1
    outer loop
      vertex 29 25 1
      vertex 25.39131819530968 7.060050074858079 1
      vertex 26 7.12 1
    endloop
  endfacet
  facet normal 0 0 1
    outer loop
      vertex 29 25 1
      vertex 26 7.12 1
      vertex 26.60868180469032 7.060050074858079 1
    endloop
  endfacet
  facet normal 0 0 1
    outer loop
      vertex 29 25 1
      vertex 26.60868180469032 7.060050074858079 1
      vertex 27.19397230897908 6.882504141435215 1
    endloop
  endfacet
  facet normal 0 0 1
    outer loop
      vertex 29 25 1
      vertex 27.19397230897908 6.882504141435215 1
      vertex 27.73337912702116 6.594185190383941 1
    endloop
  endfacet
  facet normal 0 0 1
    outer loop
      vertex 29 5 1
      vertex 29 25 1
      vertex 28.99182481804526 4.833590335093548 1
    endloop
  endfacet
  facet normal 0 0 1
    outer loop
      vertex 29 25 1
      vertex 28.882504141435213 5.19397230897908 1
      vertex 28.99182481804526 4.833590335093548 1
    endloop
  endfacet
  facet normal 0 0 1
    outer loop
      vertex 29 25 1
      vertex 28.59418519038394 5.733379127021159 1
      vertex 28.882504141435213 5.19397230897908 1
    endloop
  endfacet
  facet normal 0 0 1
    outer loop
      vertex 29 25 1
      vertex 27.73337912702116 6.594185190383941 1
      vertex 28.20617315730203 6.206173157302029 1
    endloop
  endfacet
  facet normal 0 0 1
    outer loop
      vertex 29 25 1
      vertex 28.20617315730203 6.206173157302029 1
      vertex 28.59418519038394 5.733379127021159 1
    endloop
  endfacet
  facet normal -1 0 0
    outer loop
      vertex 29 5 1
      vertex 29 5 20
      vertex 29 25 1
    endloop
  endfacet
  facet normal 0 1 0
    outer loop
      vertex 5 1 20
      vertex 25 1 20
      vertex 25 1 1
    endloop
  endfacet
  facet normal -0.04906767041570519 0.9987954563973426 0
    outer loop
      vertex 25 1 20
      vertex 25.16640966490645 1.0081751819547418 19.1
      vertex 25.16640966490645 1.0081751819547418 1
    endloop
  endfacet
  facet normal -0.9987954563973428 0.049067670415697755 0
    outer loop
      vertex 29 5 1
      vertex 28.99182481804526 4.833590335093548 19.1
      vertex 29 5 20
    endloop
  endfacet
  facet normal -0.0490676704157047 0.9987954563973426 9.206690705518636e-17
    outer loop
      vertex 25 1 20
      vertex 25.392068564891815 1.0192610919475555 20
      vertex 25.16640966490645 1.0081751819547418 19.1
    endloop
  endfacet
  facet normal -0.04906767041570433 0.9987954563973426 0
    outer loop
      vertex 25.392068564891815 1.0192610919475555 20
      vertex 25.392068564891815 1.0192610919475555 19.1
      vertex 25.16640966490645 1.0081751819547418 19.1
    endloop
  endfacet
  facet normal -0.1467304788333968 0.9891765093153608 0
    outer loop
      vertex 25.78036128729582 1.0768588781356812 20
      vertex 25.78036128729582 1.0768588781356812 19.1
      vertex 25.392068564891815 1.0192610919475555 19.1
    endloop
  endfacet
  facet normal -0.1467304788333968 0.9891765093153608 0
    outer loop
      vertex 25.392068564891815 1.0192610919475555 20
      vertex 25.78036128729582 1.0768588781356812 20
      vertex 25.392068564891815 1.0192610919475555 19.1
    endloop
  endfacet
  facet normal -0.24298017787700282 0.970031253702096 0
    outer loop
      vertex 26.161138705909252 1.1722386553883553 20
      vertex 26.161138705909252 1.1722386553883553 19.1
      vertex 25.78036128729582 1.0768588781356812 19.1
    endloop
  endfacet
  facet normal -0.24298017787700282 0.970031253702096 0
    outer loop
      vertex 25.78036128729582 1.0768588781356812 20
      vertex 26.161138705909252 1.1722386553883553 20
      vertex 25.78036128729582 1.0768588781356812 19.1
    endloop
  endfacet
  facet normal -0.3368898600571534 0.9415440627982695 0
    outer loop
      vertex 26.530733726918697 1.3044818714261055 20
      vertex 26.530733726918697 1.3044818714261055 19.1
      vertex 26.161138705909252 1.1722386553883553 19.1
    endloop
  endfacet
  facet normal -0.3368898600571534 0.9415440627982695 0
    outer loop
      vertex 26.161138705909252 1.1722386553883553 20
      vertex 26.530733726918697 1.3044818714261055 20
      vertex 26.161138705909252 1.1722386553883553 19.1
    endloop
  endfacet
  facet normal -0.42755508025413363 0.9039892993552973 0
    outer loop
      vertex 26.530733726918697 1.3044818714261055 20
      vertex 26.885586947202682 1.472314938902855 20
      vertex 26.530733726918697 1.3044818714261055 19.1
    endloop
  endfacet
  facet normal -0.42755508025413363 0.9039892993552973 0
    outer loop
      vertex 26.885586947202682 1.472314938902855 20
      vertex 26.885586947202682 1.472314938902855 19.1
      vertex 26.530733726918697 1.3044818714261055 19.1
    endloop
  endfacet
  facet normal -0.5141027491514958 0.857728607028397 0
    outer loop
      vertex 27.22228093445301 1.6741215512156487 20
      vertex 27.22228093445301 1.6741215512156487 19.1
      vertex 26.885586947202682 1.472314938902855 19.1
    endloop
  endfacet
  facet normal -0.5141027491514958 0.857728607028397 0
    outer loop
      vertex 26.885586947202682 1.472314938902855 20
      vertex 27.22228093445301 1.6741215512156487 20
      vertex 26.885586947202682 1.472314938902855 19.1
    endloop
  endfacet
  facet normal -0.5956993080192206 0.8032075288650011 0
    outer loop
      vertex 27.537573136389256 1.9079581871628761 20
      vertex 27.537573136389256 1.9079581871628761 19.1
      vertex 27.22228093445301 1.6741215512156487 19.1
    endloop
  endfacet
  facet normal -0.5956993080192206 0.8032075288650011 0
    outer loop
      vertex 27.22228093445301 1.6741215512156487 20
      vertex 27.537573136389256 1.9079581871628761 20
      vertex 27.22228093445301 1.6741215512156487 19.1
    endloop
  endfacet
  facet normal -0.6715589635251562 0.7409511174895533 0
    outer loop
      vertex 27.537573136389256 1.9079581871628761 20
      vertex 27.828427121043205 2.1715728789567947 20
      vertex 27.537573136389256 1.9079581871628761 19.1
    endloop
  endfacet
  facet normal -0.6715589635251562 0.7409511174895533 0
    outer loop
      vertex 27.828427121043205 2.1715728789567947 20
      vertex 27.828427121043205 2.1715728789567947 19.1
      vertex 27.537573136389256 1.9079581871628761 19.1
    endloop
  endfacet
  facet normal -0.7409511174895533 0.6715589635251562 0
    outer loop
      vertex 27.828427121043205 2.1715728789567947 20
      vertex 28.092041812837124 2.4624268636107445 20
      vertex 27.828427121043205 2.1715728789567947 19.1
    endloop
  endfacet
  facet normal -0.7409511174895533 0.6715589635251562 0
    outer loop
      vertex 28.092041812837124 2.4624268636107445 20
      vertex 28.092041812837124 2.4624268636107445 19.1
      vertex 27.828427121043205 2.1715728789567947 19.1
    endloop
  endfacet
  facet normal -0.8032075288650011 0.5956993080192206 0
    outer loop
      vertex 28.32587844878435 2.7777190655469894 20
      vertex 28.32587844878435 2.7777190655469894 19.1
      vertex 28.092041812837124 2.4624268636107445 19.1
    endloop
  endfacet
  facet normal -0.8032075288650011 0.5956993080192206 0
    outer loop
      vertex 28.092041812837124 2.4624268636107445 20
      vertex 28.32587844878435 2.7777190655469894 20
      vertex 28.092041812837124 2.4624268636107445 19.1
    endloop
  endfacet
  facet normal -0.857728607028397 0.5141027491514958 0
    outer loop
      vertex 28.527685061097145 3.1144130527973175 20
      vertex 28.527685061097145 3.1144130527973175 19.1
      vertex 28.32587844878435 2.7777190655469894 19.1
    endloop
  endfacet
  facet normal -0.857728607028397 0.5141027491514958 0
    outer loop
      vertex 28.32587844878435 2.7777190655469894 20
      vertex 28.527685061097145 3.1144130527973175 20
      vertex 28.32587844878435 2.7777190655469894 19.1
    endloop
  endfacet
  facet normal -0.9039892993552973 0.42755508025413363 0
    outer loop
      vertex 28.527685061097145 3.1144130527973175 20
      vertex 28.695518128573895 3.4692662730813026 20
      vertex 28.527685061097145 3.1144130527973175 19.1
    endloop
  endfacet
  facet normal -0.9039892993552973 0.42755508025413363 0
    outer loop
      vertex 28.695518128573895 3.4692662730813026 20
      vertex 28.695518128573895 3.4692662730813026 19.1
      vertex 28.527685061097145 3.1144130527973175 19.1
    endloop
  endfacet
  facet normal -0.9415440627982695 0.3368898600571534 0
    outer loop
      vertex 28.827761344611645 3.838861294090748 20
      vertex 28.827761344611645 3.838861294090748 19.1
      vertex 28.695518128573895 3.4692662730813026 19.1
    endloop
  endfacet
  facet normal -0.9415440627982695 0.3368898600571534 0
    outer loop
      vertex 28.695518128573895 3.4692662730813026 20
      vertex 28.827761344611645 3.838861294090748 20
      vertex 28.695518128573895 3.4692662730813026 19.1
    endloop
  endfacet
  facet normal -0.970031253702096 0.24298017787700282 0
    outer loop
      vertex 28.92314112186432 4.219638712704182 20
      vertex 28.92314112186432 4.219638712704182 19.1
      vertex 28.827761344611645 3.838861294090748 19.1
    endloop
  endfacet
  facet normal -0.970031253702096 0.24298017787700282 0
    outer loop
      vertex 28.827761344611645 3.838861294090748 20
      vertex 28.92314112186432 4.219638712704182 20
      vertex 28.827761344611645 3.838861294090748 19.1
    endloop
  endfacet
  facet normal -0.9891765093153608 0.1467304788333968 0
    outer loop
      vertex 28.980738908052444 4.607931435108185 20
      vertex 28.980738908052444 4.607931435108185 19.1
      vertex 28.92314112186432 4.219638712704182 19.1
    endloop
  endfacet
  facet normal -0.9987954563973422 0.049067670415709815 0
    outer loop
      vertex 28.980738908052444 4.607931435108185 20
      vertex 28.99182481804526 4.833590335093548 19.1
      vertex 28.980738908052444 4.607931435108185 19.1
    endloop
  endfacet
  facet normal -0.9891765093153608 0.1467304788333968 0
    outer loop
      vertex 28.92314112186432 4.219638712704182 20
      vertex 28.980738908052444 4.607931435108185 20
      vertex 28.92314112186432 4.219638712704182 19.1
    endloop
  endfacet
  facet normal -0.9987954563973426 0.0490676704157047 -1.2864815812511374e-15
    outer loop
      vertex 28.980738908052444 4.607931435108185 20
      vertex 29 5 20
      vertex 28.99182481804526 4.833590335093548 19.1
    endloop
  endfacet
  facet normal 0 0 1
    outer loop
      vertex 25 29 1
      vertex 5.19397230897908 28.882504141435213 1
      vertex 25.392068564891815 28.980738908052444 1
    endloop
  endfacet
  facet normal 0 0 1
    outer loop
      vertex 28.827761344611645 26.161138705909252 1
      vertex 28.695518128573895 26.530733726918697 1
      vertex 7.12 26 1
    endloop
  endfacet
  facet normal 0 0 1
    outer loop
      vertex 29 25 1
      vertex 28.980738908052444 25.392068564891815 1
      vertex 6.882504141435215 24.80602769102092 1
    endloop
  endfacet
  facet normal 0 0 1
    outer loop
      vertex 28.980738908052444 25.392068564891815 1
      vertex 28.92314112186432 25.78036128729582 1
      vertex 7.060050074858079 25.39131819530968 1
    endloop
  endfacet
  facet normal 0 0 1
    outer loop
      vertex 28.92314112186432 25.78036128729582 1
      vertex 28.827761344611645 26.161138705909252 1
      vertex 7.060050074858079 25.39131819530968 1
    endloop
  endfacet
  facet normal 0 0 1
    outer loop
      vertex 27.537573136389256 28.092041812837124 1
      vertex 27.22228093445301 28.32587844878435 1
      vertex 6.594185190383941 27.73337912702116 1
    endloop
  endfacet
  facet normal 0 0 1
    outer loop
      vertex 25.392068564891815 28.980738908052444 1
      vertex 5.19397230897908 28.882504141435213 1
      vertex 25.78036128729582 28.92314112186432 1
    endloop
  endfacet
  facet normal 0 0 1
    outer loop
      vertex 25.78036128729582 28.92314112186432 1
      vertex 5.733379127021159 28.59418519038394 1
      vertex 26.161138705909252 28.827761344611645 1
    endloop
  endfacet
  facet normal 0 0 1
    outer loop
      vertex 26.161138705909252 28.827761344611645 1
      vertex 5.733379127021159 28.59418519038394 1
      vertex 26.530733726918697 28.695518128573895 1
    endloop
  endfacet
  facet normal 0 0 1
    outer loop
      vertex 26.530733726918697 28.695518128573895 1
      vertex 6.206173157302029 28.20617315730203 1
      vertex 26.885586947202682 28.527685061097145 1
    endloop
  endfacet
  facet normal 0 0 1
    outer loop
      vertex 26.885586947202682 28.527685061097145 1
      vertex 6.206173157302029 28.20617315730203 1
      vertex 27.22228093445301 28.32587844878435 1
    endloop
  endfacet
  facet normal 0 0 1
    outer loop
      vertex 28.527685061097145 26.885586947202682 1
      vertex 7.12 26 1
      vertex 28.695518128573895 26.530733726918697 1
    endloop
  endfacet
  facet normal 0 0 1
    outer loop
      vertex 28.527685061097145 26.885586947202682 1
      vertex 28.32587844878435 27.22228093445301 1
      vertex 7.060050074858079 26.60868180469032 1
    endloop
  endfacet
  facet normal 0 0 1
    outer loop
      vertex 28.092041812837124 27.537573136389256 1
      vertex 27.828427121043205 27.828427121043205 1
      vertex 6.882504141435215 27.19397230897908 1
    endloop
  endfacet
  facet normal 0 0 1
    outer loop
      vertex 27.537573136389256 28.092041812837124 1
      vertex 6.594185190383941 27.73337912702116 1
      vertex 27.828427121043205 27.828427121043205 1
    endloop
  endfacet
  facet normal 0 0 1
    outer loop
      vertex 28.092041812837124 27.537573136389256 1
      vertex 6.882504141435215 27.19397230897908 1
      vertex 28.32587844878435 27.22228093445301 1
    endloop
  endfacet
  facet normal 0 -1 0
    outer loop
      vertex 5 29 1
      vertex 25 29 1
      vertex 25 29 20
    endloop
  endfacet
  facet normal -0.049067670415704694 -0.9987954563973426 0
    outer loop
      vertex 25 29 1
      vertex 25.392068564891815 28.980738908052444 1
      vertex 25.392068564891815 28.980738908052444 20
    endloop
  endfacet
  facet normal -0.14673047883339677 -0.9891765093153608 0
    outer loop
      vertex 25.392068564891815 28.980738908052444 1
      vertex 25.78036128729582 28.92314112186432 1
      vertex 25.78036128729582 28.92314112186432 20
    endloop
  endfacet
  facet normal -0.24298017787700282 -0.970031253702096 0
    outer loop
      vertex 25.78036128729582 28.92314112186432 1
      vertex 26.161138705909252 28.827761344611645 1
      vertex 26.161138705909252 28.827761344611645 20
    endloop
  endfacet
  facet normal -0.9987954563973426 -0.049067670415704694 0
    outer loop
      vertex 29 25 1
      vertex 29 25 20
      vertex 28.980738908052444 25.392068564891815 1
    endloop
  endfacet
  facet normal -0.9891765093153608 -0.14673047883339677 0
    outer loop
      vertex 28.980738908052444 25.392068564891815 1
      vertex 28.980738908052444 25.392068564891815 20
      vertex 28.92314112186432 25.78036128729582 1
    endloop
  endfacet
  facet normal -0.970031253702096 -0.24298017787700282 0
    outer loop
      vertex 28.92314112186432 25.78036128729582 1
      vertex 28.92314112186432 25.78036128729582 20
      vertex 28.827761344611645 26.161138705909252 1
    endloop
  endfacet
  facet normal -0.7409511174895533 -0.6715589635251562 0
    outer loop
      vertex 28.092041812837124 27.537573136389256 1
      vertex 28.092041812837124 27.537573136389256 20
      vertex 27.828427121043205 27.828427121043205 1
    endloop
  endfacet
  facet normal -0.6715589635251562 -0.7409511174895533 0
    outer loop
      vertex 27.537573136389256 28.092041812837124 1
      vertex 27.828427121043205 27.828427121043205 1
      vertex 27.828427121043205 27.828427121043205 20
    endloop
  endfacet
  facet normal -0.3368898600571533 -0.9415440627982694 0
    outer loop
      vertex 26.161138705909252 28.827761344611645 1
      vertex 26.530733726918697 28.695518128573895 1
      vertex 26.530733726918697 28.695518128573895 20
    endloop
  endfacet
  facet normal -0.4275550802541337 -0.9039892993552974 0
    outer loop
      vertex 26.530733726918697 28.695518128573895 1
      vertex 26.885586947202682 28.527685061097145 1
      vertex 26.885586947202682 28.527685061097145 20
    endloop
  endfacet
  facet normal -0.5141027491514957 -0.8577286070283969 0
    outer loop
      vertex 26.885586947202682 28.527685061097145 1
      vertex 27.22228093445301 28.32587844878435 1
      vertex 27.22228093445301 28.32587844878435 20
    endloop
  endfacet
  facet normal -0.5956993080192206 -0.8032075288650011 0
    outer loop
      vertex 27.537573136389256 28.092041812837124 1
      vertex 27.537573136389256 28.092041812837124 20
      vertex 27.22228093445301 28.32587844878435 1
    endloop
  endfacet
  facet normal -0.8577286070283969 -0.5141027491514957 0
    outer loop
      vertex 28.527685061097145 26.885586947202682 1
      vertex 28.527685061097145 26.885586947202682 20
      vertex 28.32587844878435 27.22228093445301 1
    endloop
  endfacet
  facet normal -0.9415440627982694 -0.3368898600571533 0
    outer loop
      vertex 28.827761344611645 26.161138705909252 1
      vertex 28.827761344611645 26.161138705909252 20
      vertex 28.695518128573895 26.530733726918697 1
    endloop
  endfacet
  facet normal -0.9039892993552974 -0.4275550802541337 0
    outer loop
      vertex 28.527685061097145 26.885586947202682 1
      vertex 28.695518128573895 26.530733726918697 1
      vertex 28.695518128573895 26.530733726918697 20
    endloop
  endfacet
  facet normal -0.8032075288650011 -0.5956993080192206 0
    outer loop
      vertex 28.092041812837124 27.537573136389256 1
      vertex 28.32587844878435 27.22228093445301 1
      vertex 28.32587844878435 27.22228093445301 20
    endloop
  endfacet
  facet normal -1 0 0
    outer loop
      vertex 29 5 20
      vertex 29 25 20
      vertex 29 25 1
    endloop
  endfacet
  facet normal -0.049067670415704694 -0.9987954563973426 0
    outer loop
      vertex 25 29 1
      vertex 25.392068564891815 28.980738908052444 20
      vertex 25 29 20
    endloop
  endfacet
  facet normal -0.14673047883339677 -0.9891765093153608 0
    outer loop
      vertex 25.392068564891815 28.980738908052444 1
      vertex 25.78036128729582 28.92314112186432 20
      vertex 25.392068564891815 28.980738908052444 20
    endloop
  endfacet
  facet normal -0.24298017787700282 -0.970031253702096 0
    outer loop
      vertex 25.78036128729582 28.92314112186432 1
      vertex 26.161138705909252 28.827761344611645 20
      vertex 25.78036128729582 28.92314112186432 20
    endloop
  endfacet
  facet normal -0.9987954563973426 -0.049067670415704694 0
    outer loop
      vertex 28.980738908052444 25.392068564891815 1
      vertex 29 25 20
      vertex 28.980738908052444 25.392068564891815 20
    endloop
  endfacet
  facet normal -0.9891765093153608 -0.14673047883339677 0
    outer loop
      vertex 28.92314112186432 25.78036128729582 1
      vertex 28.980738908052444 25.392068564891815 20
      vertex 28.92314112186432 25.78036128729582 20
    endloop
  endfacet
  facet normal -0.970031253702096 -0.24298017787700282 0
    outer loop
      vertex 28.827761344611645 26.161138705909252 1
      vertex 28.92314112186432 25.78036128729582 20
      vertex 28.827761344611645 26.161138705909252 20
    endloop
  endfacet
  facet normal -0.6715589635251562 -0.7409511174895533 0
    outer loop
      vertex 27.537573136389256 28.092041812837124 1
      vertex 27.828427121043205 27.828427121043205 20
      vertex 27.537573136389256 28.092041812837124 20
    endloop
  endfacet
  facet normal -0.7409511174895533 -0.6715589635251562 0
    outer loop
      vertex 27.828427121043205 27.828427121043205 1
      vertex 28.092041812837124 27.537573136389256 20
      vertex 27.828427121043205 27.828427121043205 20
    endloop
  endfacet
  facet normal -0.3368898600571533 -0.9415440627982694 0
    outer loop
      vertex 26.161138705909252 28.827761344611645 1
      vertex 26.530733726918697 28.695518128573895 20
      vertex 26.161138705909252 28.827761344611645 20
    endloop
  endfacet
  facet normal -0.4275550802541337 -0.9039892993552974 0
    outer loop
      vertex 26.530733726918697 28.695518128573895 1
      vertex 26.885586947202682 28.527685061097145 20
      vertex 26.530733726918697 28.695518128573895 20
    endloop
  endfacet
  facet normal -0.5141027491514957 -0.8577286070283969 0
    outer loop
      vertex 26.885586947202682 28.527685061097145 1
      vertex 27.22228093445301 28.32587844878435 20
      vertex 26.885586947202682 28.527685061097145 20
    endloop
  endfacet
  facet normal -0.5956993080192206 -0.8032075288650011 0
    outer loop
      vertex 27.22228093445301 28.32587844878435 1
      vertex 27.537573136389256 28.092041812837124 20
      vertex 27.22228093445301 28.32587844878435 20
    endloop
  endfacet
  facet normal -0.9039892993552974 -0.4275550802541337 0
    outer loop
      vertex 28.527685061097145 26.885586947202682 1
      vertex 28.695518128573895 26.530733726918697 20
      vertex 28.527685061097145 26.885586947202682 20
    endloop
  endfacet
  facet normal -0.8577286070283969 -0.5141027491514957 0
    outer loop
      vertex 28.32587844878435 27.22228093445301 1
      vertex 28.527685061097145 26.885586947202682 20
      vertex 28.32587844878435 27.22228093445301 20
    endloop
  endfacet
  facet normal -0.9415440627982694 -0.3368898600571533 0
    outer loop
      vertex 28.695518128573895 26.530733726918697 1
      vertex 28.827761344611645 26.161138705909252 20
      vertex 28.695518128573895 26.530733726918697 20
    endloop
  endfacet
  facet normal -0.8032075288650011 -0.5956993080192206 0
    outer loop
      vertex 28.092041812837124 27.537573136389256 1
      vertex 28.32587844878435 27.22228093445301 20
      vertex 28.092041812837124 27.537573136389256 20
    endloop
  endfacet
  facet normal -0.6343932841636449 -0.7730104533627374 0
    outer loop
      vertex 24.26662087297884 1.405814809616059 19.1
      vertex 23.79382684269797 1.7938268426979715 1
      vertex 24.26662087297884 1.405814809616059 1
    endloop
  endfacet
  facet normal -0.881921264348355 -0.47139673682599764 0
    outer loop
      vertex 23.40581480961606 2.266620872978841 19.1
      vertex 23.117495858564787 2.80602769102092 1
      vertex 23.40581480961606 2.266620872978841 1
    endloop
  endfacet
  facet normal -0.9951847266721968 -0.09801714032956181 0
    outer loop
      vertex 22.93994992514192 3.3913181953096796 19.1
      vertex 22.88 4 1
      vertex 22.93994992514192 3.3913181953096796 1
    endloop
  endfacet
  facet normal -0.9569403357322079 -0.29028467725446555 0
    outer loop
      vertex 23.117495858564787 2.80602769102092 19.1
      vertex 22.93994992514192 3.3913181953096796 1
      vertex 23.117495858564787 2.80602769102092 1
    endloop
  endfacet
  facet normal -0.773010453362739 -0.634393284163643 0
    outer loop
      vertex 23.79382684269797 1.7938268426979715 19.1
      vertex 23.40581480961606 2.266620872978841 1
      vertex 23.79382684269797 1.7938268426979715 1
    endloop
  endfacet
  facet normal -0.47139673682599825 -0.8819212643483547 0
    outer loop
      vertex 24.80602769102092 1.1174958585647854 19.1
      vertex 24.26662087297884 1.405814809616059 1
      vertex 24.80602769102092 1.1174958585647854 1
    endloop
  endfacet
  facet normal -0.2902846772544624 -0.9569403357322089 0
    outer loop
      vertex 24.80602769102092 1.1174958585647854 19.1
      vertex 24.80602769102092 1.1174958585647854 1
      vertex 25.16640966490645 1.0081751819547418 1
    endloop
  endfacet
  facet normal 0.4713967368259958 0.8819212643483559 0
    outer loop
      vertex 25.13331043648942 2.7029074048080295 19.1
      vertex 25.40301384551046 2.5587479292823927 1
      vertex 25.13331043648942 2.7029074048080295 1
    endloop
  endfacet
  facet normal 0.7730104533627363 0.6343932841636462 0
    outer loop
      vertex 24.70290740480803 3.1333104364894204 19.1
      vertex 24.896913421348987 2.8969134213489856 1
      vertex 24.70290740480803 3.1333104364894204 1
    endloop
  endfacet
  facet normal 0.881921264348355 0.47139673682599764 0
    outer loop
      vertex 24.558747929282394 3.40301384551046 19.1
      vertex 24.70290740480803 3.1333104364894204 1
      vertex 24.558747929282394 3.40301384551046 1
    endloop
  endfacet
  facet normal 0.9569403357322063 0.2902846772544708 0
    outer loop
      vertex 24.46997496257096 3.69565909765484 19.1
      vertex 24.558747929282394 3.40301384551046 1
      vertex 24.46997496257096 3.69565909765484 1
    endloop
  endfacet
  facet normal 0.6343932841636473 0.7730104533627354 0
    outer loop
      vertex 24.896913421348987 2.8969134213489856 19.1
      vertex 25.13331043648942 2.7029074048080295 1
      vertex 24.896913421348987 2.8969134213489856 1
    endloop
  endfacet
  facet normal 0.2902846772544641 0.9569403357322084 0
    outer loop
      vertex 25.40301384551046 2.5587479292823927 19.1
      vertex 25.69565909765484 2.4699749625709604 1
      vertex 25.40301384551046 2.5587479292823927 1
    endloop
  endfacet
  facet normal 0.09801714032956038 0.9951847266721969 0
    outer loop
      vertex 25.69565909765484 2.4699749625709604 19.1
      vertex 26 2.44 1
      vertex 25.69565909765484 2.4699749625709604 1
    endloop
  endfacet
  facet normal -0.09801714032956038 0.9951847266721969 0
    outer loop
      vertex 26 2.44 19.1
      vertex 26.30434090234516 2.4699749625709604 1
      vertex 26 2.44 1
    endloop
  endfacet
  facet normal -0.9951847266721968 0.09801714032956181 0
    outer loop
      vertex 22.88 4 19.1
      vertex 22.93994992514192 4.60868180469032 1
      vertex 22.88 4 1
    endloop
  endfacet
  facet normal -0.9569403357322079 0.29028467725446555 0
    outer loop
      vertex 22.93994992514192 4.60868180469032 19.1
      vertex 23.117495858564787 5.19397230897908 1
      vertex 22.93994992514192 4.60868180469032 1
    endloop
  endfacet
  facet normal -0.881921264348355 0.47139673682599764 0
    outer loop
      vertex 23.117495858564787 5.19397230897908 19.1
      vertex 23.40581480961606 5.733379127021159 1
      vertex 23.117495858564787 5.19397230897908 1
    endloop
  endfacet
  facet normal -0.7730104533627392 0.6343932841636427 0
    outer loop
      vertex 23.40581480961606 5.733379127021159 19.1
      vertex 23.79382684269797 6.206173157302029 1
      vertex 23.40581480961606 5.733379127021159 1
    endloop
  endfacet
  facet normal -0.6343932841636445 0.7730104533627378 0
    outer loop
      vertex 23.79382684269797 6.206173157302029 19.1
      vertex 24.26662087297884 6.594185190383941 1
      vertex 23.79382684269797 6.206173157302029 1
    endloop
  endfacet
  facet normal 0.9951847266721979 0.0980171403295503 0
    outer loop
      vertex 24.44 4 19.1
      vertex 24.46997496257096 3.69565909765484 1
      vertex 24.44 4 1
    endloop
  endfacet
  facet normal 0.9951847266721979 -0.0980171403295503 0
    outer loop
      vertex 24.46997496257096 4.30434090234516 19.1
      vertex 24.44 4 1
      vertex 24.46997496257096 4.30434090234516 1
    endloop
  endfacet
  facet normal 0.9569403357322064 -0.2902846772544705 0
    outer loop
      vertex 24.558747929282394 4.5969861544895405 19.1
      vertex 24.46997496257096 4.30434090234516 1
      vertex 24.558747929282394 4.5969861544895405 1
    endloop
  endfacet
  facet normal 0.8819212643483547 -0.47139673682599825 0
    outer loop
      vertex 24.70290740480803 4.86668956351058 19.1
      vertex 24.558747929282394 4.5969861544895405 1
      vertex 24.70290740480803 4.86668956351058 1
    endloop
  endfacet
  facet normal 0.7730104533627363 -0.6343932841636462 0
    outer loop
      vertex 24.896913421348987 5.1030865786510144 19.1
      vertex 24.70290740480803 4.86668956351058 1
      vertex 24.896913421348987 5.1030865786510144 1
    endloop
  endfacet
  facet normal 0.6343932841636473 -0.7730104533627354 0
    outer loop
      vertex 25.13331043648942 5.2970925951919705 19.1
      vertex 24.896913421348987 5.1030865786510144 1
      vertex 25.13331043648942 5.2970925951919705 1
    endloop
  endfacet
  facet normal 0.4713967368259958 -0.8819212643483559 0
    outer loop
      vertex 25.40301384551046 5.441252070717607 19.1
      vertex 25.13331043648942 5.2970925951919705 1
      vertex 25.40301384551046 5.441252070717607 1
    endloop
  endfacet
  facet normal 0.2902846772544641 -0.9569403357322084 0
    outer loop
      vertex 25.69565909765484 5.53002503742904 19.1
      vertex 25.40301384551046 5.441252070717607 1
      vertex 25.69565909765484 5.53002503742904 1
    endloop
  endfacet
  facet normal 0.09801714032956181 -0.9951847266721968 0
    outer loop
      vertex 26 5.5600000000000005 19.1
      vertex 25.69565909765484 5.53002503742904 1
      vertex 26 5.5600000000000005 1
    endloop
  endfacet
  facet normal -0.09801714032956181 -0.9951847266721968 0
    outer loop
      vertex 26.30434090234516 5.53002503742904 19.1
      vertex 26 5.5600000000000005 1
      vertex 26.30434090234516 5.53002503742904 1
    endloop
  endfacet
  facet normal -0.47139673682599825 0.8819212643483547 0
    outer loop
      vertex 24.26662087297884 6.594185190383941 19.1
      vertex 24.80602769102092 6.882504141435215 1
      vertex 24.26662087297884 6.594185190383941 1
    endloop
  endfacet
  facet normal -0.2902846772544625 0.9569403357322089 0
    outer loop
      vertex 24.80602769102092 6.882504141435215 19.1
      vertex 25.39131819530968 7.060050074858079 1
      vertex 24.80602769102092 6.882504141435215 1
    endloop
  endfacet
  facet normal -0.09801714032956038 0.9951847266721969 0
    outer loop
      vertex 25.39131819530968 7.060050074858079 19.1
      vertex 26 7.12 1
      vertex 25.39131819530968 7.060050074858079 1
    endloop
  endfacet
  facet normal 0.09801714032956038 0.9951847266721969 0
    outer loop
      vertex 26 7.12 19.1
      vertex 26.60868180469032 7.060050074858079 1
      vertex 26 7.12 1
    endloop
  endfacet
  facet normal -0.2902846772544641 0.9569403357322084 0
    outer loop
      vertex 26.30434090234516 2.4699749625709604 19.1
      vertex 26.59698615448954 2.5587479292823927 1
      vertex 26.30434090234516 2.4699749625709604 1
    endloop
  endfacet
  facet normal -0.4713967368259958 0.8819212643483559 0
    outer loop
      vertex 26.59698615448954 2.5587479292823927 19.1
      vertex 26.86668956351058 2.7029074048080295 1
      vertex 26.59698615448954 2.5587479292823927 1
    endloop
  endfacet
  facet normal -0.6343932841636473 0.7730104533627354 0
    outer loop
      vertex 26.86668956351058 2.7029074048080295 19.1
      vertex 27.103086578651013 2.8969134213489856 1
      vertex 26.86668956351058 2.7029074048080295 1
    endloop
  endfacet
  facet normal -0.7730104533627363 0.6343932841636462 0
    outer loop
      vertex 27.103086578651013 2.8969134213489856 19.1
      vertex 27.29709259519197 3.1333104364894204 1
      vertex 27.103086578651013 2.8969134213489856 1
    endloop
  endfacet
  facet normal -0.881921264348355 0.47139673682599764 0
    outer loop
      vertex 27.29709259519197 3.1333104364894204 19.1
      vertex 27.441252070717606 3.40301384551046 1
      vertex 27.29709259519197 3.1333104364894204 1
    endloop
  endfacet
  facet normal -0.9569403357322063 0.2902846772544708 0
    outer loop
      vertex 27.441252070717606 3.40301384551046 19.1
      vertex 27.53002503742904 3.69565909765484 1
      vertex 27.441252070717606 3.40301384551046 1
    endloop
  endfacet
  facet normal -0.2902846772544641 -0.9569403357322084 0
    outer loop
      vertex 26.59698615448954 5.441252070717607 19.1
      vertex 26.30434090234516 5.53002503742904 1
      vertex 26.59698615448954 5.441252070717607 1
    endloop
  endfacet
  facet normal -0.4713967368259958 -0.8819212643483559 0
    outer loop
      vertex 26.86668956351058 5.2970925951919705 19.1
      vertex 26.59698615448954 5.441252070717607 1
      vertex 26.86668956351058 5.2970925951919705 1
    endloop
  endfacet
  facet normal -0.6343932841636473 -0.7730104533627354 0
    outer loop
      vertex 27.103086578651013 5.1030865786510144 19.1
      vertex 26.86668956351058 5.2970925951919705 1
      vertex 27.103086578651013 5.1030865786510144 1
    endloop
  endfacet
  facet normal -0.9951847266721979 0.0980171403295503 0
    outer loop
      vertex 27.53002503742904 3.69565909765484 19.1
      vertex 27.56 4 1
      vertex 27.53002503742904 3.69565909765484 1
    endloop
  endfacet
  facet normal -0.9951847266721979 -0.0980171403295503 0
    outer loop
      vertex 27.56 4 19.1
      vertex 27.53002503742904 4.30434090234516 1
      vertex 27.56 4 1
    endloop
  endfacet
  facet normal -0.8819212643483547 -0.47139673682599825 0
    outer loop
      vertex 27.441252070717606 4.5969861544895405 19.1
      vertex 27.29709259519197 4.86668956351058 1
      vertex 27.441252070717606 4.5969861544895405 1
    endloop
  endfacet
  facet normal -0.9569403357322064 -0.2902846772544705 0
    outer loop
      vertex 27.53002503742904 4.30434090234516 19.1
      vertex 27.441252070717606 4.5969861544895405 1
      vertex 27.53002503742904 4.30434090234516 1
    endloop
  endfacet
  facet normal -0.7730104533627363 -0.6343932841636462 0
    outer loop
      vertex 27.29709259519197 4.86668956351058 19.1
      vertex 27.103086578651013 5.1030865786510144 1
      vertex 27.29709259519197 4.86668956351058 1
    endloop
  endfacet
  facet normal 0.2902846772544625 0.9569403357322089 0
    outer loop
      vertex 26.60868180469032 7.060050074858079 19.1
      vertex 27.19397230897908 6.882504141435215 1
      vertex 26.60868180469032 7.060050074858079 1
    endloop
  endfacet
  facet normal 0.6343932841636445 0.7730104533627378 0
    outer loop
      vertex 27.73337912702116 6.594185190383941 19.1
      vertex 28.20617315730203 6.206173157302029 1
      vertex 27.73337912702116 6.594185190383941 1
    endloop
  endfacet
  facet normal 0.47139673682599825 0.8819212643483547 0
    outer loop
      vertex 27.19397230897908 6.882504141435215 19.1
      vertex 27.73337912702116 6.594185190383941 1
      vertex 27.19397230897908 6.882504141435215 1
    endloop
  endfacet
  facet normal 0.9569403357322072 0.2902846772544681 0
    outer loop
      vertex 28.99182481804526 4.833590335093548 1
      vertex 28.882504141435213 5.19397230897908 1
      vertex 28.99182481804526 4.833590335093548 19.1
    endloop
  endfacet
  facet normal 0.881921264348355 0.47139673682599764 0
    outer loop
      vertex 28.59418519038394 5.733379127021159 19.1
      vertex 28.882504141435213 5.19397230897908 1
      vertex 28.59418519038394 5.733379127021159 1
    endloop
  endfacet
  facet normal 0.7730104533627392 0.6343932841636427 0
    outer loop
      vertex 28.20617315730203 6.206173157302029 19.1
      vertex 28.59418519038394 5.733379127021159 1
      vertex 28.20617315730203 6.206173157302029 1
    endloop
  endfacet
  facet normal -0.6343932841636449 -0.7730104533627374 0
    outer loop
      vertex 23.79382684269797 1.7938268426979715 19.1
      vertex 23.79382684269797 1.7938268426979715 1
      vertex 24.26662087297884 1.405814809616059 19.1
    endloop
  endfacet
  facet normal -0.881921264348355 -0.47139673682599764 0
    outer loop
      vertex 23.40581480961606 2.266620872978841 19.1
      vertex 23.117495858564787 2.80602769102092 19.1
      vertex 23.117495858564787 2.80602769102092 1
    endloop
  endfacet
  facet normal -0.9569403357322079 -0.29028467725446555 0
    outer loop
      vertex 22.93994992514192 3.3913181953096796 19.1
      vertex 22.93994992514192 3.3913181953096796 1
      vertex 23.117495858564787 2.80602769102092 19.1
    endloop
  endfacet
  facet normal -0.773010453362739 -0.634393284163643 0
    outer loop
      vertex 23.79382684269797 1.7938268426979715 19.1
      vertex 23.40581480961606 2.266620872978841 19.1
      vertex 23.40581480961606 2.266620872978841 1
    endloop
  endfacet
  facet normal -0.47139673682599825 -0.8819212643483547 0
    outer loop
      vertex 24.26662087297884 1.405814809616059 19.1
      vertex 24.26662087297884 1.405814809616059 1
      vertex 24.80602769102092 1.1174958585647854 19.1
    endloop
  endfacet
  facet normal -0.2902846772544624 -0.9569403357322089 0
    outer loop
      vertex 24.80602769102092 1.1174958585647854 19.1
      vertex 25.16640966490645 1.0081751819547418 1
      vertex 25.16640966490645 1.0081751819547418 19.1
    endloop
  endfacet
  facet normal 0.6343932841636473 0.7730104533627354 0
    outer loop
      vertex 24.896913421348987 2.8969134213489856 19.1
      vertex 25.13331043648942 2.7029074048080295 19.1
      vertex 25.13331043648942 2.7029074048080295 1
    endloop
  endfacet
  facet normal 0.7730104533627363 0.6343932841636462 0
    outer loop
      vertex 24.70290740480803 3.1333104364894204 19.1
      vertex 24.896913421348987 2.8969134213489856 19.1
      vertex 24.896913421348987 2.8969134213489856 1
    endloop
  endfacet
  facet normal 0.881921264348355 0.47139673682599764 0
    outer loop
      vertex 24.70290740480803 3.1333104364894204 19.1
      vertex 24.70290740480803 3.1333104364894204 1
      vertex 24.558747929282394 3.40301384551046 19.1
    endloop
  endfacet
  facet normal 0.9569403357322063 0.2902846772544708 0
    outer loop
      vertex 24.558747929282394 3.40301384551046 19.1
      vertex 24.558747929282394 3.40301384551046 1
      vertex 24.46997496257096 3.69565909765484 19.1
    endloop
  endfacet
  facet normal 0.4713967368259958 0.8819212643483559 0
    outer loop
      vertex 25.40301384551046 2.5587479292823927 19.1
      vertex 25.40301384551046 2.5587479292823927 1
      vertex 25.13331043648942 2.7029074048080295 19.1
    endloop
  endfacet
  facet normal 0.2902846772544641 0.9569403357322084 0
    outer loop
      vertex 25.40301384551046 2.5587479292823927 19.1
      vertex 25.69565909765484 2.4699749625709604 19.1
      vertex 25.69565909765484 2.4699749625709604 1
    endloop
  endfacet
  facet normal 0.09801714032956038 0.9951847266721969 0
    outer loop
      vertex 25.69565909765484 2.4699749625709604 19.1
      vertex 26 2.44 19.1
      vertex 26 2.44 1
    endloop
  endfacet
  facet normal -0.09801714032956038 0.9951847266721969 0
    outer loop
      vertex 26 2.44 19.1
      vertex 26.30434090234516 2.4699749625709604 19.1
      vertex 26.30434090234516 2.4699749625709604 1
    endloop
  endfacet
  facet normal -0.9951847266721968 -0.09801714032956181 0
    outer loop
      vertex 22.93994992514192 3.3913181953096796 19.1
      vertex 22.88 4 19.1
      vertex 22.88 4 1
    endloop
  endfacet
  facet normal -0.9951847266721968 0.09801714032956181 0
    outer loop
      vertex 22.88 4 19.1
      vertex 22.93994992514192 4.60868180469032 19.1
      vertex 22.93994992514192 4.60868180469032 1
    endloop
  endfacet
  facet normal -0.9569403357322079 0.29028467725446555 0
    outer loop
      vertex 22.93994992514192 4.60868180469032 19.1
      vertex 23.117495858564787 5.19397230897908 19.1
      vertex 23.117495858564787 5.19397230897908 1
    endloop
  endfacet
  facet normal -0.881921264348355 0.47139673682599764 0
    outer loop
      vertex 23.117495858564787 5.19397230897908 19.1
      vertex 23.40581480961606 5.733379127021159 19.1
      vertex 23.40581480961606 5.733379127021159 1
    endloop
  endfacet
  facet normal -0.7730104533627392 0.6343932841636427 0
    outer loop
      vertex 23.40581480961606 5.733379127021159 19.1
      vertex 23.79382684269797 6.206173157302029 19.1
      vertex 23.79382684269797 6.206173157302029 1
    endloop
  endfacet
  facet normal -0.6343932841636445 0.7730104533627378 0
    outer loop
      vertex 23.79382684269797 6.206173157302029 19.1
      vertex 24.26662087297884 6.594185190383941 19.1
      vertex 24.26662087297884 6.594185190383941 1
    endloop
  endfacet
  facet normal 0.9951847266721979 0.0980171403295503 0
    outer loop
      vertex 24.46997496257096 3.69565909765484 19.1
      vertex 24.46997496257096 3.69565909765484 1
      vertex 24.44 4 19.1
    endloop
  endfacet
  facet normal 0.9951847266721979 -0.0980171403295503 0
    outer loop
      vertex 24.44 4 19.1
      vertex 24.44 4 1
      vertex 24.46997496257096 4.30434090234516 19.1
    endloop
  endfacet
  facet normal 0.9569403357322064 -0.2902846772544705 0
    outer loop
      vertex 24.46997496257096 4.30434090234516 19.1
      vertex 24.46997496257096 4.30434090234516 1
      vertex 24.558747929282394 4.5969861544895405 19.1
    endloop
  endfacet
  facet normal 0.8819212643483547 -0.47139673682599825 0
    outer loop
      vertex 24.558747929282394 4.5969861544895405 19.1
      vertex 24.558747929282394 4.5969861544895405 1
      vertex 24.70290740480803 4.86668956351058 19.1
    endloop
  endfacet
  facet normal 0.7730104533627363 -0.6343932841636462 0
    outer loop
      vertex 24.70290740480803 4.86668956351058 19.1
      vertex 24.70290740480803 4.86668956351058 1
      vertex 24.896913421348987 5.1030865786510144 19.1
    endloop
  endfacet
  facet normal 0.6343932841636473 -0.7730104533627354 0
    outer loop
      vertex 24.896913421348987 5.1030865786510144 19.1
      vertex 24.896913421348987 5.1030865786510144 1
      vertex 25.13331043648942 5.2970925951919705 19.1
    endloop
  endfacet
  facet normal 0.4713967368259958 -0.8819212643483559 0
    outer loop
      vertex 25.13331043648942 5.2970925951919705 19.1
      vertex 25.13331043648942 5.2970925951919705 1
      vertex 25.40301384551046 5.441252070717607 19.1
    endloop
  endfacet
  facet normal 0.2902846772544641 -0.9569403357322084 0
    outer loop
      vertex 25.40301384551046 5.441252070717607 19.1
      vertex 25.40301384551046 5.441252070717607 1
      vertex 25.69565909765484 5.53002503742904 19.1
    endloop
  endfacet
  facet normal 0.09801714032956181 -0.9951847266721968 0
    outer loop
      vertex 25.69565909765484 5.53002503742904 19.1
      vertex 25.69565909765484 5.53002503742904 1
      vertex 26 5.5600000000000005 19.1
    endloop
  endfacet
  facet normal -0.09801714032956181 -0.9951847266721968 0
    outer loop
      vertex 26 5.5600000000000005 19.1
      vertex 26 5.5600000000000005 1
      vertex 26.30434090234516 5.53002503742904 19.1
    endloop
  endfacet
  facet normal -0.47139673682599825 0.8819212643483547 0
    outer loop
      vertex 24.26662087297884 6.594185190383941 19.1
      vertex 24.80602769102092 6.882504141435215 19.1
      vertex 24.80602769102092 6.882504141435215 1
    endloop
  endfacet
  facet normal -0.2902846772544625 0.9569403357322089 0
    outer loop
      vertex 24.80602769102092 6.882504141435215 19.1
      vertex 25.39131819530968 7.060050074858079 19.1
      vertex 25.39131819530968 7.060050074858079 1
    endloop
  endfacet
  facet normal -0.09801714032956038 0.9951847266721969 0
    outer loop
      vertex 25.39131819530968 7.060050074858079 19.1
      vertex 26 7.12 19.1
      vertex 26 7.12 1
    endloop
  endfacet
  facet normal -0.2902846772544641 0.9569403357322084 0
    outer loop
      vertex 26.30434090234516 2.4699749625709604 19.1
      vertex 26.59698615448954 2.5587479292823927 19.1
      vertex 26.59698615448954 2.5587479292823927 1
    endloop
  endfacet
  facet normal -0.4713967368259958 0.8819212643483559 0
    outer loop
      vertex 26.59698615448954 2.5587479292823927 19.1
      vertex 26.86668956351058 2.7029074048080295 19.1
      vertex 26.86668956351058 2.7029074048080295 1
    endloop
  endfacet
  facet normal -0.6343932841636473 0.7730104533627354 0
    outer loop
      vertex 26.86668956351058 2.7029074048080295 19.1
      vertex 27.103086578651013 2.8969134213489856 19.1
      vertex 27.103086578651013 2.8969134213489856 1
    endloop
  endfacet
  facet normal -0.7730104533627363 0.6343932841636462 0
    outer loop
      vertex 27.103086578651013 2.8969134213489856 19.1
      vertex 27.29709259519197 3.1333104364894204 19.1
      vertex 27.29709259519197 3.1333104364894204 1
    endloop
  endfacet
  facet normal -0.881921264348355 0.47139673682599764 0
    outer loop
      vertex 27.29709259519197 3.1333104364894204 19.1
      vertex 27.441252070717606 3.40301384551046 19.1
      vertex 27.441252070717606 3.40301384551046 1
    endloop
  endfacet
  facet normal -0.9569403357322063 0.2902846772544708 0
    outer loop
      vertex 27.441252070717606 3.40301384551046 19.1
      vertex 27.53002503742904 3.69565909765484 19.1
      vertex 27.53002503742904 3.69565909765484 1
    endloop
  endfacet
  facet normal -0.2902846772544641 -0.9569403357322084 0
    outer loop
      vertex 26.30434090234516 5.53002503742904 19.1
      vertex 26.30434090234516 5.53002503742904 1
      vertex 26.59698615448954 5.441252070717607 19.1
    endloop
  endfacet
  facet normal -0.4713967368259958 -0.8819212643483559 0
    outer loop
      vertex 26.59698615448954 5.441252070717607 19.1
      vertex 26.59698615448954 5.441252070717607 1
      vertex 26.86668956351058 5.2970925951919705 19.1
    endloop
  endfacet
  facet normal -0.7730104533627363 -0.6343932841636462 0
    outer loop
      vertex 27.103086578651013 5.1030865786510144 19.1
      vertex 27.103086578651013 5.1030865786510144 1
      vertex 27.29709259519197 4.86668956351058 19.1
    endloop
  endfacet
  facet normal -0.6343932841636473 -0.7730104533627354 0
    outer loop
      vertex 27.103086578651013 5.1030865786510144 19.1
      vertex 26.86668956351058 5.2970925951919705 19.1
      vertex 26.86668956351058 5.2970925951919705 1
    endloop
  endfacet
  facet normal -0.9951847266721979 0.0980171403295503 0
    outer loop
      vertex 27.53002503742904 3.69565909765484 19.1
      vertex 27.56 4 19.1
      vertex 27.56 4 1
    endloop
  endfacet
  facet normal -0.9951847266721979 -0.0980171403295503 0
    outer loop
      vertex 27.56 4 19.1
      vertex 27.53002503742904 4.30434090234516 19.1
      vertex 27.53002503742904 4.30434090234516 1
    endloop
  endfacet
  facet normal -0.9569403357322064 -0.2902846772544705 0
    outer loop
      vertex 27.53002503742904 4.30434090234516 19.1
      vertex 27.441252070717606 4.5969861544895405 19.1
      vertex 27.441252070717606 4.5969861544895405 1
    endloop
  endfacet
  facet normal -0.8819212643483547 -0.47139673682599825 0
    outer loop
      vertex 27.29709259519197 4.86668956351058 19.1
      vertex 27.29709259519197 4.86668956351058 1
      vertex 27.441252070717606 4.5969861544895405 19.1
    endloop
  endfacet
  facet normal 0.09801714032956038 0.9951847266721969 0
    outer loop
      vertex 26 7.12 19.1
      vertex 26.60868180469032 7.060050074858079 19.1
      vertex 26.60868180469032 7.060050074858079 1
    endloop
  endfacet
  facet normal 0.2902846772544625 0.9569403357322089 0
    outer loop
      vertex 27.19397230897908 6.882504141435215 19.1
      vertex 27.19397230897908 6.882504141435215 1
      vertex 26.60868180469032 7.060050074858079 19.1
    endloop
  endfacet
  facet normal 0.6343932841636445 0.7730104533627378 0
    outer loop
      vertex 27.73337912702116 6.594185190383941 19.1
      vertex 28.20617315730203 6.206173157302029 19.1
      vertex 28.20617315730203 6.206173157302029 1
    endloop
  endfacet
  facet normal 0.47139673682599825 0.8819212643483547 0
    outer loop
      vertex 27.19397230897908 6.882504141435215 19.1
      vertex 27.73337912702116 6.594185190383941 19.1
      vertex 27.73337912702116 6.594185190383941 1
    endloop
  endfacet
  facet normal 0.9569403357322072 0.2902846772544681 0
    outer loop
      vertex 28.882504141435213 5.19397230897908 19.1
      vertex 28.99182481804526 4.833590335093548 19.1
      vertex 28.882504141435213 5.19397230897908 1
    endloop
  endfacet
  facet normal 0.881921264348355 0.47139673682599764 0
    outer loop
      vertex 28.882504141435213 5.19397230897908 19.1
      vertex 28.882504141435213 5.19397230897908 1
      vertex 28.59418519038394 5.733379127021159 19.1
    endloop
  endfacet
  facet normal 0.7730104533627392 0.6343932841636427 0
    outer loop
      vertex 28.59418519038394 5.733379127021159 19.1
      vertex 28.59418519038394 5.733379127021159 1
      vertex 28.20617315730203 6.206173157302029 19.1
    endloop
  endfacet
  facet normal 0 0 1
    outer loop
      vertex 22.93994992514192 3.3913181953096796 19.1
      vertex 23.117495858564787 2.80602769102092 19.1
      vertex 22.93994992514192 4.60868180469032 19.1
    endloop
  endfacet
  facet normal 0 0 1
    outer loop
      vertex 23.40581480961606 2.266620872978841 19.1
      vertex 23.117495858564787 5.19397230897908 19.1
      vertex 23.117495858564787 2.80602769102092 19.1
    endloop
  endfacet
  facet normal 0 0 1
    outer loop
      vertex 23.79382684269797 1.7938268426979715 19.1
      vertex 23.40581480961606 5.733379127021159 19.1
      vertex 23.40581480961606 2.266620872978841 19.1
    endloop
  endfacet
  facet normal 0 0 1
    outer loop
      vertex 23.79382684269797 1.7938268426979715 19.1
      vertex 24.26662087297884 1.405814809616059 19.1
      vertex 23.79382684269797 6.206173157302029 19.1
    endloop
  endfacet
  facet normal 0 0 1
    outer loop
      vertex 24.80602769102092 1.1174958585647854 19.1
      vertex 25.16640966490645 1.0081751819547418 19.1
      vertex 25.13331043648942 2.7029074048080295 19.1
    endloop
  endfacet
  facet normal 0 0 1
    outer loop
      vertex 25.69565909765484 2.4699749625709604 19.1
      vertex 25.16640966490645 1.0081751819547418 19.1
      vertex 25.392068564891815 1.0192610919475555 19.1
    endloop
  endfacet
  facet normal 0 0 1
    outer loop
      vertex 25.69565909765484 2.4699749625709604 19.1
      vertex 25.392068564891815 1.0192610919475555 19.1
      vertex 25.78036128729582 1.0768588781356812 19.1
    endloop
  endfacet
  facet normal 0 0 1
    outer loop
      vertex 26.30434090234516 2.4699749625709604 19.1
      vertex 25.78036128729582 1.0768588781356812 19.1
      vertex 26.161138705909252 1.1722386553883553 19.1
    endloop
  endfacet
  facet normal 0 0 1
    outer loop
      vertex 24.26662087297884 1.405814809616059 19.1
      vertex 24.80602769102092 1.1174958585647854 19.1
      vertex 24.558747929282394 3.40301384551046 19.1
    endloop
  endfacet
  facet normal 0 0 1
    outer loop
      vertex 24.80602769102092 1.1174958585647854 19.1
      vertex 24.70290740480803 3.1333104364894204 19.1
      vertex 24.558747929282394 3.40301384551046 19.1
    endloop
  endfacet
  facet normal 0 0 1
    outer loop
      vertex 24.80602769102092 1.1174958585647854 19.1
      vertex 24.896913421348987 2.8969134213489856 19.1
      vertex 24.70290740480803 3.1333104364894204 19.1
    endloop
  endfacet
  facet normal 0 0 1
    outer loop
      vertex 24.80602769102092 1.1174958585647854 19.1
      vertex 25.13331043648942 2.7029074048080295 19.1
      vertex 24.896913421348987 2.8969134213489856 19.1
    endloop
  endfacet
  facet normal 0 0 1
    outer loop
      vertex 25.40301384551046 2.5587479292823927 19.1
      vertex 25.13331043648942 2.7029074048080295 19.1
      vertex 25.16640966490645 1.0081751819547418 19.1
    endloop
  endfacet
  facet normal 0 0 1
    outer loop
      vertex 24.26662087297884 1.405814809616059 19.1
      vertex 24.558747929282394 3.40301384551046 19.1
      vertex 24.46997496257096 3.69565909765484 19.1
    endloop
  endfacet
  facet normal 0 0 1
    outer loop
      vertex 24.26662087297884 1.405814809616059 19.1
      vertex 24.46997496257096 3.69565909765484 19.1
      vertex 24.44 4 19.1
    endloop
  endfacet
  facet normal 0 0 1
    outer loop
      vertex 25.40301384551046 2.5587479292823927 19.1
      vertex 25.16640966490645 1.0081751819547418 19.1
      vertex 25.69565909765484 2.4699749625709604 19.1
    endloop
  endfacet
  facet normal 0 0 1
    outer loop
      vertex 25.69565909765484 2.4699749625709604 19.1
      vertex 25.78036128729582 1.0768588781356812 19.1
      vertex 26 2.44 19.1
    endloop
  endfacet
  facet normal 0 0 1
    outer loop
      vertex 26 2.44 19.1
      vertex 25.78036128729582 1.0768588781356812 19.1
      vertex 26.30434090234516 2.4699749625709604 19.1
    endloop
  endfacet
  facet normal 0 0 1
    outer loop
      vertex 22.93994992514192 3.3913181953096796 19.1
      vertex 22.93994992514192 4.60868180469032 19.1
      vertex 22.88 4 19.1
    endloop
  endfacet
  facet normal 0 0 1
    outer loop
      vertex 23.117495858564787 2.80602769102092 19.1
      vertex 23.117495858564787 5.19397230897908 19.1
      vertex 22.93994992514192 4.60868180469032 19.1
    endloop
  endfacet
  facet normal 0 0 1
    outer loop
      vertex 23.40581480961606 2.266620872978841 19.1
      vertex 23.40581480961606 5.733379127021159 19.1
      vertex 23.117495858564787 5.19397230897908 19.1
    endloop
  endfacet
  facet normal 0 0 1
    outer loop
      vertex 23.79382684269797 1.7938268426979715 19.1
      vertex 23.79382684269797 6.206173157302029 19.1
      vertex 23.40581480961606 5.733379127021159 19.1
    endloop
  endfacet
  facet normal 0 0 1
    outer loop
      vertex 24.26662087297884 1.405814809616059 19.1
      vertex 24.44 4 19.1
      vertex 24.26662087297884 6.594185190383941 19.1
    endloop
  endfacet
  facet normal 0 0 1
    outer loop
      vertex 24.26662087297884 1.405814809616059 19.1
      vertex 24.26662087297884 6.594185190383941 19.1
      vertex 23.79382684269797 6.206173157302029 19.1
    endloop
  endfacet
  facet normal 0 0 1
    outer loop
      vertex 24.44 4 19.1
      vertex 24.46997496257096 4.30434090234516 19.1
      vertex 24.26662087297884 6.594185190383941 19.1
    endloop
  endfacet
  facet normal 0 0 1
    outer loop
      vertex 24.46997496257096 4.30434090234516 19.1
      vertex 24.558747929282394 4.5969861544895405 19.1
      vertex 24.26662087297884 6.594185190383941 19.1
    endloop
  endfacet
  facet normal 0 0 1
    outer loop
      vertex 24.558747929282394 4.5969861544895405 19.1
      vertex 24.70290740480803 4.86668956351058 19.1
      vertex 24.26662087297884 6.594185190383941 19.1
    endloop
  endfacet
  facet normal 0 0 1
    outer loop
      vertex 24.70290740480803 4.86668956351058 19.1
      vertex 24.896913421348987 5.1030865786510144 19.1
      vertex 24.26662087297884 6.594185190383941 19.1
    endloop
  endfacet
  facet normal 0 0 1
    outer loop
      vertex 24.896913421348987 5.1030865786510144 19.1
      vertex 24.80602769102092 6.882504141435215 19.1
      vertex 24.26662087297884 6.594185190383941 19.1
    endloop
  endfacet
  facet normal 0 0 1
    outer loop
      vertex 24.896913421348987 5.1030865786510144 19.1
      vertex 25.13331043648942 5.2970925951919705 19.1
      vertex 24.80602769102092 6.882504141435215 19.1
    endloop
  endfacet
  facet normal 0 0 1
    outer loop
      vertex 25.13331043648942 5.2970925951919705 19.1
      vertex 25.40301384551046 5.441252070717607 19.1
      vertex 24.80602769102092 6.882504141435215 19.1
    endloop
  endfacet
  facet normal 0 0 1
    outer loop
      vertex 25.40301384551046 5.441252070717607 19.1
      vertex 25.39131819530968 7.060050074858079 19.1
      vertex 24.80602769102092 6.882504141435215 19.1
    endloop
  endfacet
  facet normal 0 0 1
    outer loop
      vertex 25.40301384551046 5.441252070717607 19.1
      vertex 25.69565909765484 5.53002503742904 19.1
      vertex 25.39131819530968 7.060050074858079 19.1
    endloop
  endfacet
  facet normal 0 0 1
    outer loop
      vertex 25.69565909765484 5.53002503742904 19.1
      vertex 26 5.5600000000000005 19.1
      vertex 26 7.12 19.1
    endloop
  endfacet
  facet normal 0 0 1
    outer loop
      vertex 26 5.5600000000000005 19.1
      vertex 26.30434090234516 5.53002503742904 19.1
      vertex 26 7.12 19.1
    endloop
  endfacet
  facet normal 0 0 1
    outer loop
      vertex 25.39131819530968 7.060050074858079 19.1
      vertex 25.69565909765484 5.53002503742904 19.1
      vertex 26 7.12 19.1
    endloop
  endfacet
  facet normal 0 0 1
    outer loop
      vertex 26.30434090234516 2.4699749625709604 19.1
      vertex 26.161138705909252 1.1722386553883553 19.1
      vertex 26.530733726918697 1.3044818714261055 19.1
    endloop
  endfacet
  facet normal 0 0 1
    outer loop
      vertex 26.59698615448954 2.5587479292823927 19.1
      vertex 26.530733726918697 1.3044818714261055 19.1
      vertex 26.885586947202682 1.472314938902855 19.1
    endloop
  endfacet
  facet normal 0 0 1
    outer loop
      vertex 26.30434090234516 2.4699749625709604 19.1
      vertex 26.530733726918697 1.3044818714261055 19.1
      vertex 26.59698615448954 2.5587479292823927 19.1
    endloop
  endfacet
  facet normal 0 0 1
    outer loop
      vertex 26.59698615448954 2.5587479292823927 19.1
      vertex 26.885586947202682 1.472314938902855 19.1
      vertex 26.86668956351058 2.7029074048080295 19.1
    endloop
  endfacet
  facet normal 0 0 1
    outer loop
      vertex 27.103086578651013 2.8969134213489856 19.1
      vertex 26.885586947202682 1.472314938902855 19.1
      vertex 27.22228093445301 1.6741215512156487 19.1
    endloop
  endfacet
  facet normal 0 0 1
    outer loop
      vertex 26.86668956351058 2.7029074048080295 19.1
      vertex 26.885586947202682 1.472314938902855 19.1
      vertex 27.103086578651013 2.8969134213489856 19.1
    endloop
  endfacet
  facet normal 0 0 1
    outer loop
      vertex 27.103086578651013 2.8969134213489856 19.1
      vertex 27.22228093445301 1.6741215512156487 19.1
      vertex 27.537573136389256 1.9079581871628761 19.1
    endloop
  endfacet
  facet normal 0 0 1
    outer loop
      vertex 27.103086578651013 2.8969134213489856 19.1
      vertex 27.537573136389256 1.9079581871628761 19.1
      vertex 27.29709259519197 3.1333104364894204 19.1
    endloop
  endfacet
  facet normal 0 0 1
    outer loop
      vertex 27.29709259519197 3.1333104364894204 19.1
      vertex 27.537573136389256 1.9079581871628761 19.1
      vertex 27.441252070717606 3.40301384551046 19.1
    endloop
  endfacet
  facet normal 0 0 1
    outer loop
      vertex 27.441252070717606 3.40301384551046 19.1
      vertex 27.537573136389256 1.9079581871628761 19.1
      vertex 27.53002503742904 3.69565909765484 19.1
    endloop
  endfacet
  facet normal 0 0 1
    outer loop
      vertex 27.53002503742904 3.69565909765484 19.1
      vertex 27.537573136389256 1.9079581871628761 19.1
      vertex 27.56 4 19.1
    endloop
  endfacet
  facet normal 0 0 1
    outer loop
      vertex 27.73337912702116 6.594185190383941 19.1
      vertex 27.537573136389256 1.9079581871628761 19.1
      vertex 27.828427121043205 2.1715728789567947 19.1
    endloop
  endfacet
  facet normal 0 0 1
    outer loop
      vertex 27.73337912702116 6.594185190383941 19.1
      vertex 27.828427121043205 2.1715728789567947 19.1
      vertex 28.092041812837124 2.4624268636107445 19.1
    endloop
  endfacet
  facet normal 0 0 1
    outer loop
      vertex 27.56 4 19.1
      vertex 27.537573136389256 1.9079581871628761 19.1
      vertex 27.73337912702116 6.594185190383941 19.1
    endloop
  endfacet
  facet normal 0 0 1
    outer loop
      vertex 27.56 4 19.1
      vertex 27.73337912702116 6.594185190383941 19.1
      vertex 27.53002503742904 4.30434090234516 19.1
    endloop
  endfacet
  facet normal 0 0 1
    outer loop
      vertex 27.103086578651013 5.1030865786510144 19.1
      vertex 27.29709259519197 4.86668956351058 19.1
      vertex 27.19397230897908 6.882504141435215 19.1
    endloop
  endfacet
  facet normal 0 0 1
    outer loop
      vertex 27.29709259519197 4.86668956351058 19.1
      vertex 27.441252070717606 4.5969861544895405 19.1
      vertex 27.19397230897908 6.882504141435215 19.1
    endloop
  endfacet
  facet normal 0 0 1
    outer loop
      vertex 27.53002503742904 4.30434090234516 19.1
      vertex 27.73337912702116 6.594185190383941 19.1
      vertex 27.441252070717606 4.5969861544895405 19.1
    endloop
  endfacet
  facet normal 0 0 1
    outer loop
      vertex 27.73337912702116 6.594185190383941 19.1
      vertex 28.092041812837124 2.4624268636107445 19.1
      vertex 28.20617315730203 6.206173157302029 19.1
    endloop
  endfacet
  facet normal 0 0 1
    outer loop
      vertex 26.30434090234516 5.53002503742904 19.1
      vertex 26.59698615448954 5.441252070717607 19.1
      vertex 26.60868180469032 7.060050074858079 19.1
    endloop
  endfacet
  facet normal 0 0 1
    outer loop
      vertex 26.59698615448954 5.441252070717607 19.1
      vertex 26.86668956351058 5.2970925951919705 19.1
      vertex 26.60868180469032 7.060050074858079 19.1
    endloop
  endfacet
  facet normal 0 0 1
    outer loop
      vertex 27.103086578651013 5.1030865786510144 19.1
      vertex 27.19397230897908 6.882504141435215 19.1
      vertex 26.86668956351058 5.2970925951919705 19.1
    endloop
  endfacet
  facet normal 0 0 1
    outer loop
      vertex 26.86668956351058 5.2970925951919705 19.1
      vertex 27.19397230897908 6.882504141435215 19.1
      vertex 26.60868180469032 7.060050074858079 19.1
    endloop
  endfacet
  facet normal 0 0 1
    outer loop
      vertex 26.30434090234516 5.53002503742904 19.1
      vertex 26.60868180469032 7.060050074858079 19.1
      vertex 26 7.12 19.1
    endloop
  endfacet
  facet normal 0 0 1
    outer loop
      vertex 27.19397230897908 6.882504141435215 19.1
      vertex 27.441252070717606 4.5969861544895405 19.1
      vertex 27.73337912702116 6.594185190383941 19.1
    endloop
  endfacet
  facet normal 0 0 1
    outer loop
      vertex 28.20617315730203 6.206173157302029 19.1
      vertex 28.092041812837124 2.4624268636107445 19.1
      vertex 28.32587844878435 2.7777190655469894 19.1
    endloop
  endfacet
  facet normal 0 0 1
    outer loop
      vertex 28.59418519038394 5.733379127021159 19.1
      vertex 28.32587844878435 2.7777190655469894 19.1
      vertex 28.527685061097145 3.1144130527973175 19.1
    endloop
  endfacet
  facet normal 0 0 1
    outer loop
      vertex 28.59418519038394 5.733379127021159 19.1
      vertex 28.527685061097145 3.1144130527973175 19.1
      vertex 28.695518128573895 3.4692662730813026 19.1
    endloop
  endfacet
  facet normal 0 0 1
    outer loop
      vertex 28.882504141435213 5.19397230897908 19.1
      vertex 28.695518128573895 3.4692662730813026 19.1
      vertex 28.827761344611645 3.838861294090748 19.1
    endloop
  endfacet
  facet normal 0 0 1
    outer loop
      vertex 28.882504141435213 5.19397230897908 19.1
      vertex 28.827761344611645 3.838861294090748 19.1
      vertex 28.92314112186432 4.219638712704182 19.1
    endloop
  endfacet
  facet normal 0 0 1
    outer loop
      vertex 28.882504141435213 5.19397230897908 19.1
      vertex 28.92314112186432 4.219638712704182 19.1
      vertex 28.980738908052444 4.607931435108185 19.1
    endloop
  endfacet
  facet normal 0 0 1
    outer loop
      vertex 28.59418519038394 5.733379127021159 19.1
      vertex 28.20617315730203 6.206173157302029 19.1
      vertex 28.32587844878435 2.7777190655469894 19.1
    endloop
  endfacet
  facet normal 0 0 1
    outer loop
      vertex 28.882504141435213 5.19397230897908 19.1
      vertex 28.59418519038394 5.733379127021159 19.1
      vertex 28.695518128573895 3.4692662730813026 19.1
    endloop
  endfacet
  facet normal 0 0 1
    outer loop
      vertex 28.882504141435213 5.19397230897908 19.1
      vertex 28.980738908052444 4.607931435108185 19.1
      vertex 28.99182481804526 4.833590335093548 19.1
    endloop
  endfacet
  facet normal -0.7730104533627374 -0.6343932841636449 0
    outer loop
      vertex 1.7938268426979715 23.79382684269797 19.1
      vertex 1.405814809616059 24.26662087297884 1
      vertex 1.7938268426979715 23.79382684269797 1
    endloop
  endfacet
  facet normal -0.8819212643483547 -0.47139673682599825 0
    outer loop
      vertex 1.405814809616059 24.26662087297884 19.1
      vertex 1.1174958585647854 24.80602769102092 1
      vertex 1.405814809616059 24.26662087297884 1
    endloop
  endfacet
  facet normal -0.9569403357322089 -0.2902846772544624 0
    outer loop
      vertex 1.0081751819547418 25.16640966490645 1
      vertex 1.1174958585647854 24.80602769102092 1
      vertex 1.0081751819547418 25.16640966490645 19.1
    endloop
  endfacet
  facet normal -0.47139673682599764 -0.881921264348355 0
    outer loop
      vertex 2.80602769102092 23.117495858564787 19.1
      vertex 2.266620872978841 23.40581480961606 1
      vertex 2.80602769102092 23.117495858564787 1
    endloop
  endfacet
  facet normal -0.634393284163643 -0.773010453362739 0
    outer loop
      vertex 2.266620872978841 23.40581480961606 19.1
      vertex 1.7938268426979715 23.79382684269797 1
      vertex 2.266620872978841 23.40581480961606 1
    endloop
  endfacet
  facet normal -0.29028467725446555 -0.9569403357322079 0
    outer loop
      vertex 3.3913181953096796 22.93994992514192 19.1
      vertex 2.80602769102092 23.117495858564787 1
      vertex 3.3913181953096796 22.93994992514192 1
    endloop
  endfacet
  facet normal 0.7730104533627354 0.6343932841636473 0
    outer loop
      vertex 2.7029074048080295 25.13331043648942 19.1
      vertex 2.8969134213489856 24.896913421348987 1
      vertex 2.7029074048080295 25.13331043648942 1
    endloop
  endfacet
  facet normal 0.9569403357322084 0.2902846772544641 0
    outer loop
      vertex 2.4699749625709604 25.69565909765484 19.1
      vertex 2.5587479292823927 25.40301384551046 1
      vertex 2.4699749625709604 25.69565909765484 1
    endloop
  endfacet
  facet normal 0.8819212643483559 0.4713967368259958 0
    outer loop
      vertex 2.5587479292823927 25.40301384551046 19.1
      vertex 2.7029074048080295 25.13331043648942 1
      vertex 2.5587479292823927 25.40301384551046 1
    endloop
  endfacet
  facet normal 0.9951847266721969 0.09801714032956038 0
    outer loop
      vertex 2.44 26 19.1
      vertex 2.4699749625709604 25.69565909765484 1
      vertex 2.44 26 1
    endloop
  endfacet
  facet normal 0.9951847266721969 -0.09801714032956038 0
    outer loop
      vertex 2.4699749625709604 26.30434090234516 19.1
      vertex 2.44 26 1
      vertex 2.4699749625709604 26.30434090234516 1
    endloop
  endfacet
  facet normal 0.6343932841636462 0.7730104533627363 0
    outer loop
      vertex 2.8969134213489856 24.896913421348987 19.1
      vertex 3.1333104364894204 24.70290740480803 1
      vertex 2.8969134213489856 24.896913421348987 1
    endloop
  endfacet
  facet normal 0.47139673682599764 0.881921264348355 0
    outer loop
      vertex 3.1333104364894204 24.70290740480803 19.1
      vertex 3.40301384551046 24.558747929282394 1
      vertex 3.1333104364894204 24.70290740480803 1
    endloop
  endfacet
  facet normal 0.2902846772544708 0.9569403357322063 0
    outer loop
      vertex 3.40301384551046 24.558747929282394 19.1
      vertex 3.69565909765484 24.46997496257096 1
      vertex 3.40301384551046 24.558747929282394 1
    endloop
  endfacet
  facet normal 0.9569403357322084 -0.2902846772544641 0
    outer loop
      vertex 2.5587479292823927 26.59698615448954 19.1
      vertex 2.4699749625709604 26.30434090234516 1
      vertex 2.5587479292823927 26.59698615448954 1
    endloop
  endfacet
  facet normal 0.8819212643483559 -0.4713967368259958 0
    outer loop
      vertex 2.7029074048080295 26.86668956351058 19.1
      vertex 2.5587479292823927 26.59698615448954 1
      vertex 2.7029074048080295 26.86668956351058 1
    endloop
  endfacet
  facet normal 0.7730104533627354 -0.6343932841636473 0
    outer loop
      vertex 2.8969134213489856 27.103086578651013 19.1
      vertex 2.7029074048080295 26.86668956351058 1
      vertex 2.8969134213489856 27.103086578651013 1
    endloop
  endfacet
  facet normal 0.6343932841636462 -0.7730104533627363 0
    outer loop
      vertex 3.1333104364894204 27.29709259519197 19.1
      vertex 2.8969134213489856 27.103086578651013 1
      vertex 3.1333104364894204 27.29709259519197 1
    endloop
  endfacet
  facet normal 0.47139673682599764 -0.881921264348355 0
    outer loop
      vertex 3.40301384551046 27.441252070717606 19.1
      vertex 3.1333104364894204 27.29709259519197 1
      vertex 3.40301384551046 27.441252070717606 1
    endloop
  endfacet
  facet normal 0.2902846772544708 -0.9569403357322063 0
    outer loop
      vertex 3.69565909765484 27.53002503742904 19.1
      vertex 3.40301384551046 27.441252070717606 1
      vertex 3.69565909765484 27.53002503742904 1
    endloop
  endfacet
  facet normal -0.09801714032956181 -0.9951847266721968 0
    outer loop
      vertex 4 22.88 19.1
      vertex 3.3913181953096796 22.93994992514192 1
      vertex 4 22.88 1
    endloop
  endfacet
  facet normal 0.09801714032956181 -0.9951847266721968 0
    outer loop
      vertex 4.60868180469032 22.93994992514192 19.1
      vertex 4 22.88 1
      vertex 4.60868180469032 22.93994992514192 1
    endloop
  endfacet
  facet normal 0.29028467725446555 -0.9569403357322079 0
    outer loop
      vertex 5.19397230897908 23.117495858564787 19.1
      vertex 4.60868180469032 22.93994992514192 1
      vertex 5.19397230897908 23.117495858564787 1
    endloop
  endfacet
  facet normal 0.47139673682599764 -0.881921264348355 0
    outer loop
      vertex 5.733379127021159 23.40581480961606 19.1
      vertex 5.19397230897908 23.117495858564787 1
      vertex 5.733379127021159 23.40581480961606 1
    endloop
  endfacet
  facet normal 0.0980171403295503 0.9951847266721979 0
    outer loop
      vertex 3.69565909765484 24.46997496257096 19.1
      vertex 4 24.44 1
      vertex 3.69565909765484 24.46997496257096 1
    endloop
  endfacet
  facet normal -0.0980171403295503 0.9951847266721979 0
    outer loop
      vertex 4 24.44 19.1
      vertex 4.30434090234516 24.46997496257096 1
      vertex 4 24.44 1
    endloop
  endfacet
  facet normal -0.2902846772544705 0.9569403357322064 0
    outer loop
      vertex 4.30434090234516 24.46997496257096 19.1
      vertex 4.5969861544895405 24.558747929282394 1
      vertex 4.30434090234516 24.46997496257096 1
    endloop
  endfacet
  facet normal -0.47139673682599825 0.8819212643483547 0
    outer loop
      vertex 4.5969861544895405 24.558747929282394 19.1
      vertex 4.86668956351058 24.70290740480803 1
      vertex 4.5969861544895405 24.558747929282394 1
    endloop
  endfacet
  facet normal -0.6343932841636462 0.7730104533627363 0
    outer loop
      vertex 4.86668956351058 24.70290740480803 19.1
      vertex 5.1030865786510144 24.896913421348987 1
      vertex 4.86668956351058 24.70290740480803 1
    endloop
  endfacet
  facet normal -0.7730104533627354 0.6343932841636473 0
    outer loop
      vertex 5.1030865786510144 24.896913421348987 19.1
      vertex 5.2970925951919705 25.13331043648942 1
      vertex 5.1030865786510144 24.896913421348987 1
    endloop
  endfacet
  facet normal -0.8819212643483559 0.4713967368259958 0
    outer loop
      vertex 5.2970925951919705 25.13331043648942 19.1
      vertex 5.441252070717607 25.40301384551046 1
      vertex 5.2970925951919705 25.13331043648942 1
    endloop
  endfacet
  facet normal -0.9569403357322084 0.2902846772544641 0
    outer loop
      vertex 5.441252070717607 25.40301384551046 19.1
      vertex 5.53002503742904 25.69565909765484 1
      vertex 5.441252070717607 25.40301384551046 1
    endloop
  endfacet
  facet normal -0.9951847266721968 0.09801714032956181 0
    outer loop
      vertex 5.53002503742904 25.69565909765484 19.1
      vertex 5.5600000000000005 26 1
      vertex 5.53002503742904 25.69565909765484 1
    endloop
  endfacet
  facet normal -0.9951847266721968 -0.09801714032956181 0
    outer loop
      vertex 5.5600000000000005 26 19.1
      vertex 5.53002503742904 26.30434090234516 1
      vertex 5.5600000000000005 26 1
    endloop
  endfacet
  facet normal 0.6343932841636427 -0.7730104533627392 0
    outer loop
      vertex 6.206173157302029 23.79382684269797 19.1
      vertex 5.733379127021159 23.40581480961606 1
      vertex 6.206173157302029 23.79382684269797 1
    endloop
  endfacet
  facet normal 0.7730104533627378 -0.6343932841636445 0
    outer loop
      vertex 6.594185190383941 24.26662087297884 19.1
      vertex 6.206173157302029 23.79382684269797 1
      vertex 6.594185190383941 24.26662087297884 1
    endloop
  endfacet
  facet normal 0.8819212643483547 -0.47139673682599825 0
    outer loop
      vertex 6.882504141435215 24.80602769102092 19.1
      vertex 6.594185190383941 24.26662087297884 1
      vertex 6.882504141435215 24.80602769102092 1
    endloop
  endfacet
  facet normal 0.9569403357322089 -0.2902846772544625 0
    outer loop
      vertex 7.060050074858079 25.39131819530968 19.1
      vertex 6.882504141435215 24.80602769102092 1
      vertex 7.060050074858079 25.39131819530968 1
    endloop
  endfacet
  facet normal 0.9951847266721969 -0.09801714032956038 0
    outer loop
      vertex 7.12 26 19.1
      vertex 7.060050074858079 25.39131819530968 1
      vertex 7.12 26 1
    endloop
  endfacet
  facet normal 0.0980171403295503 -0.9951847266721979 0
    outer loop
      vertex 4 27.56 19.1
      vertex 3.69565909765484 27.53002503742904 1
      vertex 4 27.56 1
    endloop
  endfacet
  facet normal -0.0980171403295503 -0.9951847266721979 0
    outer loop
      vertex 4.30434090234516 27.53002503742904 19.1
      vertex 4 27.56 1
      vertex 4.30434090234516 27.53002503742904 1
    endloop
  endfacet
  facet normal -0.2902846772544705 -0.9569403357322064 0
    outer loop
      vertex 4.5969861544895405 27.441252070717606 19.1
      vertex 4.30434090234516 27.53002503742904 1
      vertex 4.5969861544895405 27.441252070717606 1
    endloop
  endfacet
  facet normal -0.6343932841636462 -0.7730104533627363 0
    outer loop
      vertex 5.1030865786510144 27.103086578651013 19.1
      vertex 4.86668956351058 27.29709259519197 1
      vertex 5.1030865786510144 27.103086578651013 1
    endloop
  endfacet
  facet normal -0.9569403357322084 -0.2902846772544641 0
    outer loop
      vertex 5.53002503742904 26.30434090234516 19.1
      vertex 5.441252070717607 26.59698615448954 1
      vertex 5.53002503742904 26.30434090234516 1
    endloop
  endfacet
  facet normal -0.8819212643483559 -0.4713967368259958 0
    outer loop
      vertex 5.441252070717607 26.59698615448954 19.1
      vertex 5.2970925951919705 26.86668956351058 1
      vertex 5.441252070717607 26.59698615448954 1
    endloop
  endfacet
  facet normal -0.7730104533627354 -0.6343932841636473 0
    outer loop
      vertex 5.2970925951919705 26.86668956351058 19.1
      vertex 5.1030865786510144 27.103086578651013 1
      vertex 5.2970925951919705 26.86668956351058 1
    endloop
  endfacet
  facet normal -0.47139673682599825 -0.8819212643483547 0
    outer loop
      vertex 4.86668956351058 27.29709259519197 19.1
      vertex 4.5969861544895405 27.441252070717606 1
      vertex 4.86668956351058 27.29709259519197 1
    endloop
  endfacet
  facet normal 0.2902846772544655 0.956940335732208 0
    outer loop
      vertex 5.19397230897908 28.882504141435213 19.1
      vertex 5.19397230897908 28.882504141435213 1
      vertex 4.833590335093544 28.99182481804526 1
    endloop
  endfacet
  facet normal 0.47139673682599764 0.881921264348355 0
    outer loop
      vertex 5.19397230897908 28.882504141435213 19.1
      vertex 5.733379127021159 28.59418519038394 1
      vertex 5.19397230897908 28.882504141435213 1
    endloop
  endfacet
  facet normal 0.7730104533627378 0.6343932841636445 0
    outer loop
      vertex 6.206173157302029 28.20617315730203 19.1
      vertex 6.594185190383941 27.73337912702116 1
      vertex 6.206173157302029 28.20617315730203 1
    endloop
  endfacet
  facet normal 0.9569403357322089 0.2902846772544625 0
    outer loop
      vertex 6.882504141435215 27.19397230897908 19.1
      vertex 7.060050074858079 26.60868180469032 1
      vertex 6.882504141435215 27.19397230897908 1
    endloop
  endfacet
  facet normal 0.9951847266721969 0.09801714032956038 0
    outer loop
      vertex 7.060050074858079 26.60868180469032 19.1
      vertex 7.12 26 1
      vertex 7.060050074858079 26.60868180469032 1
    endloop
  endfacet
  facet normal 0.8819212643483547 0.47139673682599825 0
    outer loop
      vertex 6.594185190383941 27.73337912702116 19.1
      vertex 6.882504141435215 27.19397230897908 1
      vertex 6.594185190383941 27.73337912702116 1
    endloop
  endfacet
  facet normal 0.6343932841636427 0.7730104533627392 0
    outer loop
      vertex 5.733379127021159 28.59418519038394 19.1
      vertex 6.206173157302029 28.20617315730203 1
      vertex 5.733379127021159 28.59418519038394 1
    endloop
  endfacet
  facet normal -0.7730104533627374 -0.6343932841636449 0
    outer loop
      vertex 1.7938268426979715 23.79382684269797 19.1
      vertex 1.405814809616059 24.26662087297884 19.1
      vertex 1.405814809616059 24.26662087297884 1
    endloop
  endfacet
  facet normal -0.8819212643483547 -0.47139673682599825 0
    outer loop
      vertex 1.405814809616059 24.26662087297884 19.1
      vertex 1.1174958585647854 24.80602769102092 19.1
      vertex 1.1174958585647854 24.80602769102092 1
    endloop
  endfacet
  facet normal -0.9569403357322089 -0.2902846772544624 0
    outer loop
      vertex 1.1174958585647854 24.80602769102092 19.1
      vertex 1.0081751819547418 25.16640966490645 19.1
      vertex 1.1174958585647854 24.80602769102092 1
    endloop
  endfacet
  facet normal -0.47139673682599764 -0.881921264348355 0
    outer loop
      vertex 2.266620872978841 23.40581480961606 19.1
      vertex 2.266620872978841 23.40581480961606 1
      vertex 2.80602769102092 23.117495858564787 19.1
    endloop
  endfacet
  facet normal -0.634393284163643 -0.773010453362739 0
    outer loop
      vertex 1.7938268426979715 23.79382684269797 19.1
      vertex 1.7938268426979715 23.79382684269797 1
      vertex 2.266620872978841 23.40581480961606 19.1
    endloop
  endfacet
  facet normal -0.29028467725446555 -0.9569403357322079 0
    outer loop
      vertex 3.3913181953096796 22.93994992514192 19.1
      vertex 2.80602769102092 23.117495858564787 19.1
      vertex 2.80602769102092 23.117495858564787 1
    endloop
  endfacet
  facet normal -0.09801714032956181 -0.9951847266721968 0
    outer loop
      vertex 3.3913181953096796 22.93994992514192 19.1
      vertex 3.3913181953096796 22.93994992514192 1
      vertex 4 22.88 19.1
    endloop
  endfacet
  facet normal 0.8819212643483559 0.4713967368259958 0
    outer loop
      vertex 2.5587479292823927 25.40301384551046 19.1
      vertex 2.7029074048080295 25.13331043648942 19.1
      vertex 2.7029074048080295 25.13331043648942 1
    endloop
  endfacet
  facet normal 0.9569403357322084 0.2902846772544641 0
    outer loop
      vertex 2.5587479292823927 25.40301384551046 19.1
      vertex 2.5587479292823927 25.40301384551046 1
      vertex 2.4699749625709604 25.69565909765484 19.1
    endloop
  endfacet
  facet normal 0.9951847266721969 0.09801714032956038 0
    outer loop
      vertex 2.4699749625709604 25.69565909765484 19.1
      vertex 2.4699749625709604 25.69565909765484 1
      vertex 2.44 26 19.1
    endloop
  endfacet
  facet normal 0.9951847266721969 -0.09801714032956038 0
    outer loop
      vertex 2.44 26 19.1
      vertex 2.44 26 1
      vertex 2.4699749625709604 26.30434090234516 19.1
    endloop
  endfacet
  facet normal 0.6343932841636462 0.7730104533627363 0
    outer loop
      vertex 3.1333104364894204 24.70290740480803 19.1
      vertex 3.1333104364894204 24.70290740480803 1
      vertex 2.8969134213489856 24.896913421348987 19.1
    endloop
  endfacet
  facet normal 0.7730104533627354 0.6343932841636473 0
    outer loop
      vertex 2.7029074048080295 25.13331043648942 19.1
      vertex 2.8969134213489856 24.896913421348987 19.1
      vertex 2.8969134213489856 24.896913421348987 1
    endloop
  endfacet
  facet normal 0.47139673682599764 0.881921264348355 0
    outer loop
      vertex 3.1333104364894204 24.70290740480803 19.1
      vertex 3.40301384551046 24.558747929282394 19.1
      vertex 3.40301384551046 24.558747929282394 1
    endloop
  endfacet
  facet normal 0.2902846772544708 0.9569403357322063 0
    outer loop
      vertex 3.40301384551046 24.558747929282394 19.1
      vertex 3.69565909765484 24.46997496257096 19.1
      vertex 3.69565909765484 24.46997496257096 1
    endloop
  endfacet
  facet normal 0.9569403357322084 -0.2902846772544641 0
    outer loop
      vertex 2.4699749625709604 26.30434090234516 19.1
      vertex 2.4699749625709604 26.30434090234516 1
      vertex 2.5587479292823927 26.59698615448954 19.1
    endloop
  endfacet
  facet normal 0.8819212643483559 -0.4713967368259958 0
    outer loop
      vertex 2.5587479292823927 26.59698615448954 19.1
      vertex 2.5587479292823927 26.59698615448954 1
      vertex 2.7029074048080295 26.86668956351058 19.1
    endloop
  endfacet
  facet normal 0.7730104533627354 -0.6343932841636473 0
    outer loop
      vertex 2.7029074048080295 26.86668956351058 19.1
      vertex 2.7029074048080295 26.86668956351058 1
      vertex 2.8969134213489856 27.103086578651013 19.1
    endloop
  endfacet
  facet normal 0.6343932841636462 -0.7730104533627363 0
    outer loop
      vertex 2.8969134213489856 27.103086578651013 19.1
      vertex 2.8969134213489856 27.103086578651013 1
      vertex 3.1333104364894204 27.29709259519197 19.1
    endloop
  endfacet
  facet normal 0.47139673682599764 -0.881921264348355 0
    outer loop
      vertex 3.1333104364894204 27.29709259519197 19.1
      vertex 3.1333104364894204 27.29709259519197 1
      vertex 3.40301384551046 27.441252070717606 19.1
    endloop
  endfacet
  facet normal 0.2902846772544708 -0.9569403357322063 0
    outer loop
      vertex 3.40301384551046 27.441252070717606 19.1
      vertex 3.40301384551046 27.441252070717606 1
      vertex 3.69565909765484 27.53002503742904 19.1
    endloop
  endfacet
  facet normal 0.09801714032956181 -0.9951847266721968 0
    outer loop
      vertex 4 22.88 19.1
      vertex 4 22.88 1
      vertex 4.60868180469032 22.93994992514192 19.1
    endloop
  endfacet
  facet normal 0.29028467725446555 -0.9569403357322079 0
    outer loop
      vertex 4.60868180469032 22.93994992514192 19.1
      vertex 4.60868180469032 22.93994992514192 1
      vertex 5.19397230897908 23.117495858564787 19.1
    endloop
  endfacet
  facet normal 0.47139673682599764 -0.881921264348355 0
    outer loop
      vertex 5.19397230897908 23.117495858564787 19.1
      vertex 5.19397230897908 23.117495858564787 1
      vertex 5.733379127021159 23.40581480961606 19.1
    endloop
  endfacet
  facet normal 0.0980171403295503 0.9951847266721979 0
    outer loop
      vertex 3.69565909765484 24.46997496257096 19.1
      vertex 4 24.44 19.1
      vertex 4 24.44 1
    endloop
  endfacet
  facet normal -0.0980171403295503 0.9951847266721979 0
    outer loop
      vertex 4 24.44 19.1
      vertex 4.30434090234516 24.46997496257096 19.1
      vertex 4.30434090234516 24.46997496257096 1
    endloop
  endfacet
  facet normal -0.2902846772544705 0.9569403357322064 0
    outer loop
      vertex 4.30434090234516 24.46997496257096 19.1
      vertex 4.5969861544895405 24.558747929282394 19.1
      vertex 4.5969861544895405 24.558747929282394 1
    endloop
  endfacet
  facet normal -0.47139673682599825 0.8819212643483547 0
    outer loop
      vertex 4.5969861544895405 24.558747929282394 19.1
      vertex 4.86668956351058 24.70290740480803 19.1
      vertex 4.86668956351058 24.70290740480803 1
    endloop
  endfacet
  facet normal -0.6343932841636462 0.7730104533627363 0
    outer loop
      vertex 4.86668956351058 24.70290740480803 19.1
      vertex 5.1030865786510144 24.896913421348987 19.1
      vertex 5.1030865786510144 24.896913421348987 1
    endloop
  endfacet
  facet normal -0.7730104533627354 0.6343932841636473 0
    outer loop
      vertex 5.1030865786510144 24.896913421348987 19.1
      vertex 5.2970925951919705 25.13331043648942 19.1
      vertex 5.2970925951919705 25.13331043648942 1
    endloop
  endfacet
  facet normal -0.8819212643483559 0.4713967368259958 0
    outer loop
      vertex 5.2970925951919705 25.13331043648942 19.1
      vertex 5.441252070717607 25.40301384551046 19.1
      vertex 5.441252070717607 25.40301384551046 1
    endloop
  endfacet
  facet normal -0.9569403357322084 0.2902846772544641 0
    outer loop
      vertex 5.441252070717607 25.40301384551046 19.1
      vertex 5.53002503742904 25.69565909765484 19.1
      vertex 5.53002503742904 25.69565909765484 1
    endloop
  endfacet
  facet normal -0.9951847266721968 0.09801714032956181 0
    outer loop
      vertex 5.53002503742904 25.69565909765484 19.1
      vertex 5.5600000000000005 26 19.1
      vertex 5.5600000000000005 26 1
    endloop
  endfacet
  facet normal -0.9951847266721968 -0.09801714032956181 0
    outer loop
      vertex 5.5600000000000005 26 19.1
      vertex 5.53002503742904 26.30434090234516 19.1
      vertex 5.53002503742904 26.30434090234516 1
    endloop
  endfacet
  facet normal 0.6343932841636427 -0.7730104533627392 0
    outer loop
      vertex 5.733379127021159 23.40581480961606 19.1
      vertex 5.733379127021159 23.40581480961606 1
      vertex 6.206173157302029 23.79382684269797 19.1
    endloop
  endfacet
  facet normal 0.7730104533627378 -0.6343932841636445 0
    outer loop
      vertex 6.206173157302029 23.79382684269797 19.1
      vertex 6.206173157302029 23.79382684269797 1
      vertex 6.594185190383941 24.26662087297884 19.1
    endloop
  endfacet
  facet normal 0.8819212643483547 -0.47139673682599825 0
    outer loop
      vertex 6.594185190383941 24.26662087297884 19.1
      vertex 6.594185190383941 24.26662087297884 1
      vertex 6.882504141435215 24.80602769102092 19.1
    endloop
  endfacet
  facet normal 0.9569403357322089 -0.2902846772544625 0
    outer loop
      vertex 6.882504141435215 24.80602769102092 19.1
      vertex 6.882504141435215 24.80602769102092 1
      vertex 7.060050074858079 25.39131819530968 19.1
    endloop
  endfacet
  facet normal 0.9951847266721969 -0.09801714032956038 0
    outer loop
      vertex 7.060050074858079 25.39131819530968 19.1
      vertex 7.060050074858079 25.39131819530968 1
      vertex 7.12 26 19.1
    endloop
  endfacet
  facet normal 0.9951847266721969 0.09801714032956038 0
    outer loop
      vertex 7.12 26 19.1
      vertex 7.12 26 1
      vertex 7.060050074858079 26.60868180469032 19.1
    endloop
  endfacet
  facet normal 0.0980171403295503 -0.9951847266721979 0
    outer loop
      vertex 3.69565909765484 27.53002503742904 19.1
      vertex 3.69565909765484 27.53002503742904 1
      vertex 4 27.56 19.1
    endloop
  endfacet
  facet normal -0.0980171403295503 -0.9951847266721979 0
    outer loop
      vertex 4 27.56 19.1
      vertex 4 27.56 1
      vertex 4.30434090234516 27.53002503742904 19.1
    endloop
  endfacet
  facet normal -0.2902846772544705 -0.9569403357322064 0
    outer loop
      vertex 4.30434090234516 27.53002503742904 19.1
      vertex 4.30434090234516 27.53002503742904 1
      vertex 4.5969861544895405 27.441252070717606 19.1
    endloop
  endfacet
  facet normal -0.47139673682599825 -0.8819212643483547 0
    outer loop
      vertex 4.86668956351058 27.29709259519197 19.1
      vertex 4.5969861544895405 27.441252070717606 19.1
      vertex 4.5969861544895405 27.441252070717606 1
    endloop
  endfacet
  facet normal -0.9569403357322084 -0.2902846772544641 0
    outer loop
      vertex 5.53002503742904 26.30434090234516 19.1
      vertex 5.441252070717607 26.59698615448954 19.1
      vertex 5.441252070717607 26.59698615448954 1
    endloop
  endfacet
  facet normal -0.8819212643483559 -0.4713967368259958 0
    outer loop
      vertex 5.441252070717607 26.59698615448954 19.1
      vertex 5.2970925951919705 26.86668956351058 19.1
      vertex 5.2970925951919705 26.86668956351058 1
    endloop
  endfacet
  facet normal -0.7730104533627354 -0.6343932841636473 0
    outer loop
      vertex 5.1030865786510144 27.103086578651013 19.1
      vertex 5.1030865786510144 27.103086578651013 1
      vertex 5.2970925951919705 26.86668956351058 19.1
    endloop
  endfacet
  facet normal -0.6343932841636462 -0.7730104533627363 0
    outer loop
      vertex 4.86668956351058 27.29709259519197 19.1
      vertex 4.86668956351058 27.29709259519197 1
      vertex 5.1030865786510144 27.103086578651013 19.1
    endloop
  endfacet
  facet normal 0.2902846772544655 0.956940335732208 0
    outer loop
      vertex 5.19397230897908 28.882504141435213 19.1
      vertex 4.833590335093544 28.99182481804526 1
      vertex 4.833590335093544 28.99182481804526 19.1
    endloop
  endfacet
  facet normal 0.47139673682599764 0.881921264348355 0
    outer loop
      vertex 5.19397230897908 28.882504141435213 19.1
      vertex 5.733379127021159 28.59418519038394 19.1
      vertex 5.733379127021159 28.59418519038394 1
    endloop
  endfacet
  facet normal 0.7730104533627378 0.6343932841636445 0
    outer loop
      vertex 6.594185190383941 27.73337912702116 19.1
      vertex 6.594185190383941 27.73337912702116 1
      vertex 6.206173157302029 28.20617315730203 19.1
    endloop
  endfacet
  facet normal 0.9569403357322089 0.2902846772544625 0
    outer loop
      vertex 6.882504141435215 27.19397230897908 19.1
      vertex 7.060050074858079 26.60868180469032 19.1
      vertex 7.060050074858079 26.60868180469032 1
    endloop
  endfacet
  facet normal 0.8819212643483547 0.47139673682599825 0
    outer loop
      vertex 6.882504141435215 27.19397230897908 19.1
      vertex 6.882504141435215 27.19397230897908 1
      vertex 6.594185190383941 27.73337912702116 19.1
    endloop
  endfacet
  facet normal 0.6343932841636427 0.7730104533627392 0
    outer loop
      vertex 5.733379127021159 28.59418519038394 19.1
      vertex 6.206173157302029 28.20617315730203 19.1
      vertex 6.206173157302029 28.20617315730203 1
    endloop
  endfacet
  facet normal 0 0 1
    outer loop
      vertex 1.1174958585647854 24.80602769102092 19.1
      vertex 1.0192610919475555 25.392068564891815 19.1
      vertex 1.0081751819547418 25.16640966490645 19.1
    endloop
  endfacet
  facet normal 0 0 1
    outer loop
      vertex 1.405814809616059 24.26662087297884 19.1
      vertex 1.3044818714261055 26.530733726918697 19.1
      vertex 1.1174958585647854 24.80602769102092 19.1
    endloop
  endfacet
  facet normal 0 0 1
    outer loop
      vertex 1.7938268426979715 23.79382684269797 19.1
      vertex 1.6741215512156487 27.22228093445301 19.1
      vertex 1.405814809616059 24.26662087297884 19.1
    endloop
  endfacet
  facet normal 0 0 1
    outer loop
      vertex 1.1174958585647854 24.80602769102092 19.1
      vertex 1.0768588781356812 25.78036128729582 19.1
      vertex 1.0192610919475555 25.392068564891815 19.1
    endloop
  endfacet
  facet normal 0 0 1
    outer loop
      vertex 1.1174958585647854 24.80602769102092 19.1
      vertex 1.1722386553883553 26.161138705909252 19.1
      vertex 1.0768588781356812 25.78036128729582 19.1
    endloop
  endfacet
  facet normal 0 0 1
    outer loop
      vertex 1.1174958585647854 24.80602769102092 19.1
      vertex 1.3044818714261055 26.530733726918697 19.1
      vertex 1.1722386553883553 26.161138705909252 19.1
    endloop
  endfacet
  facet normal 0 0 1
    outer loop
      vertex 1.405814809616059 24.26662087297884 19.1
      vertex 1.472314938902855 26.885586947202682 19.1
      vertex 1.3044818714261055 26.530733726918697 19.1
    endloop
  endfacet
  facet normal 0 0 1
    outer loop
      vertex 1.405814809616059 24.26662087297884 19.1
      vertex 1.6741215512156487 27.22228093445301 19.1
      vertex 1.472314938902855 26.885586947202682 19.1
    endloop
  endfacet
  facet normal 0 0 1
    outer loop
      vertex 1.7938268426979715 23.79382684269797 19.1
      vertex 1.9079581871628761 27.537573136389256 19.1
      vertex 1.6741215512156487 27.22228093445301 19.1
    endloop
  endfacet
  facet normal 0 0 1
    outer loop
      vertex 2.266620872978841 23.40581480961606 19.1
      vertex 2.80602769102092 23.117495858564787 19.1
      vertex 2.5587479292823927 25.40301384551046 19.1
    endloop
  endfacet
  facet normal 0 0 1
    outer loop
      vertex 3.3913181953096796 22.93994992514192 19.1
      vertex 4 22.88 19.1
      vertex 3.69565909765484 24.46997496257096 19.1
    endloop
  endfacet
  facet normal 0 0 1
    outer loop
      vertex 3.3913181953096796 22.93994992514192 19.1
      vertex 3.1333104364894204 24.70290740480803 19.1
      vertex 2.80602769102092 23.117495858564787 19.1
    endloop
  endfacet
  facet normal 0 0 1
    outer loop
      vertex 2.80602769102092 23.117495858564787 19.1
      vertex 3.1333104364894204 24.70290740480803 19.1
      vertex 2.8969134213489856 24.896913421348987 19.1
    endloop
  endfacet
  facet normal 0 0 1
    outer loop
      vertex 3.3913181953096796 22.93994992514192 19.1
      vertex 3.40301384551046 24.558747929282394 19.1
      vertex 3.1333104364894204 24.70290740480803 19.1
    endloop
  endfacet
  facet normal 0 0 1
    outer loop
      vertex 3.3913181953096796 22.93994992514192 19.1
      vertex 3.69565909765484 24.46997496257096 19.1
      vertex 3.40301384551046 24.558747929282394 19.1
    endloop
  endfacet
  facet normal 0 0 1
    outer loop
      vertex 1.7938268426979715 23.79382684269797 19.1
      vertex 2.266620872978841 23.40581480961606 19.1
      vertex 1.9079581871628761 27.537573136389256 19.1
    endloop
  endfacet
  facet normal 0 0 1
    outer loop
      vertex 2.266620872978841 23.40581480961606 19.1
      vertex 2.5587479292823927 25.40301384551046 19.1
      vertex 2.4699749625709604 25.69565909765484 19.1
    endloop
  endfacet
  facet normal 0 0 1
    outer loop
      vertex 2.5587479292823927 25.40301384551046 19.1
      vertex 2.80602769102092 23.117495858564787 19.1
      vertex 2.7029074048080295 25.13331043648942 19.1
    endloop
  endfacet
  facet normal 0 0 1
    outer loop
      vertex 2.80602769102092 23.117495858564787 19.1
      vertex 2.8969134213489856 24.896913421348987 19.1
      vertex 2.7029074048080295 25.13331043648942 19.1
    endloop
  endfacet
  facet normal 0 0 1
    outer loop
      vertex 2.266620872978841 23.40581480961606 19.1
      vertex 2.4699749625709604 25.69565909765484 19.1
      vertex 2.44 26 19.1
    endloop
  endfacet
  facet normal 0 0 1
    outer loop
      vertex 2.266620872978841 23.40581480961606 19.1
      vertex 2.44 26 19.1
      vertex 2.4624268636107445 28.092041812837124 19.1
    endloop
  endfacet
  facet normal 0 0 1
    outer loop
      vertex 2.266620872978841 23.40581480961606 19.1
      vertex 2.1715728789567947 27.828427121043205 19.1
      vertex 1.9079581871628761 27.537573136389256 19.1
    endloop
  endfacet
  facet normal 0 0 1
    outer loop
      vertex 2.266620872978841 23.40581480961606 19.1
      vertex 2.4624268636107445 28.092041812837124 19.1
      vertex 2.1715728789567947 27.828427121043205 19.1
    endloop
  endfacet
  facet normal 0 0 1
    outer loop
      vertex 2.44 26 19.1
      vertex 2.4699749625709604 26.30434090234516 19.1
      vertex 2.4624268636107445 28.092041812837124 19.1
    endloop
  endfacet
  facet normal 0 0 1
    outer loop
      vertex 2.4699749625709604 26.30434090234516 19.1
      vertex 2.5587479292823927 26.59698615448954 19.1
      vertex 2.4624268636107445 28.092041812837124 19.1
    endloop
  endfacet
  facet normal 0 0 1
    outer loop
      vertex 2.5587479292823927 26.59698615448954 19.1
      vertex 2.7029074048080295 26.86668956351058 19.1
      vertex 2.4624268636107445 28.092041812837124 19.1
    endloop
  endfacet
  facet normal 0 0 1
    outer loop
      vertex 2.7029074048080295 26.86668956351058 19.1
      vertex 2.8969134213489856 27.103086578651013 19.1
      vertex 2.4624268636107445 28.092041812837124 19.1
    endloop
  endfacet
  facet normal 0 0 1
    outer loop
      vertex 2.8969134213489856 27.103086578651013 19.1
      vertex 2.7777190655469894 28.32587844878435 19.1
      vertex 2.4624268636107445 28.092041812837124 19.1
    endloop
  endfacet
  facet normal 0 0 1
    outer loop
      vertex 2.8969134213489856 27.103086578651013 19.1
      vertex 3.1333104364894204 27.29709259519197 19.1
      vertex 3.1144130527973175 28.527685061097145 19.1
    endloop
  endfacet
  facet normal 0 0 1
    outer loop
      vertex 2.8969134213489856 27.103086578651013 19.1
      vertex 3.1144130527973175 28.527685061097145 19.1
      vertex 2.7777190655469894 28.32587844878435 19.1
    endloop
  endfacet
  facet normal 0 0 1
    outer loop
      vertex 3.1333104364894204 27.29709259519197 19.1
      vertex 3.40301384551046 27.441252070717606 19.1
      vertex 3.1144130527973175 28.527685061097145 19.1
    endloop
  endfacet
  facet normal 0 0 1
    outer loop
      vertex 3.40301384551046 27.441252070717606 19.1
      vertex 3.69565909765484 27.53002503742904 19.1
      vertex 3.4692662730813026 28.695518128573895 19.1
    endloop
  endfacet
  facet normal 0 0 1
    outer loop
      vertex 3.40301384551046 27.441252070717606 19.1
      vertex 3.4692662730813026 28.695518128573895 19.1
      vertex 3.1144130527973175 28.527685061097145 19.1
    endloop
  endfacet
  facet normal 0 0 1
    outer loop
      vertex 3.69565909765484 27.53002503742904 19.1
      vertex 3.838861294090748 28.827761344611645 19.1
      vertex 3.4692662730813026 28.695518128573895 19.1
    endloop
  endfacet
  facet normal 0 0 1
    outer loop
      vertex 4 22.88 19.1
      vertex 4.60868180469032 22.93994992514192 19.1
      vertex 4.30434090234516 24.46997496257096 19.1
    endloop
  endfacet
  facet normal 0 0 1
    outer loop
      vertex 4 22.88 19.1
      vertex 4 24.44 19.1
      vertex 3.69565909765484 24.46997496257096 19.1
    endloop
  endfacet
  facet normal 0 0 1
    outer loop
      vertex 4 22.88 19.1
      vertex 4.30434090234516 24.46997496257096 19.1
      vertex 4 24.44 19.1
    endloop
  endfacet
  facet normal 0 0 1
    outer loop
      vertex 4.30434090234516 24.46997496257096 19.1
      vertex 4.60868180469032 22.93994992514192 19.1
      vertex 4.5969861544895405 24.558747929282394 19.1
    endloop
  endfacet
  facet normal 0 0 1
    outer loop
      vertex 4.60868180469032 22.93994992514192 19.1
      vertex 5.19397230897908 23.117495858564787 19.1
      vertex 4.5969861544895405 24.558747929282394 19.1
    endloop
  endfacet
  facet normal 0 0 1
    outer loop
      vertex 5.19397230897908 23.117495858564787 19.1
      vertex 4.86668956351058 24.70290740480803 19.1
      vertex 4.5969861544895405 24.558747929282394 19.1
    endloop
  endfacet
  facet normal 0 0 1
    outer loop
      vertex 5.19397230897908 23.117495858564787 19.1
      vertex 5.1030865786510144 24.896913421348987 19.1
      vertex 4.86668956351058 24.70290740480803 19.1
    endloop
  endfacet
  facet normal 0 0 1
    outer loop
      vertex 5.19397230897908 23.117495858564787 19.1
      vertex 5.733379127021159 23.40581480961606 19.1
      vertex 5.1030865786510144 24.896913421348987 19.1
    endloop
  endfacet
  facet normal 0 0 1
    outer loop
      vertex 5.733379127021159 23.40581480961606 19.1
      vertex 5.2970925951919705 25.13331043648942 19.1
      vertex 5.1030865786510144 24.896913421348987 19.1
    endloop
  endfacet
  facet normal 0 0 1
    outer loop
      vertex 5.733379127021159 23.40581480961606 19.1
      vertex 5.441252070717607 25.40301384551046 19.1
      vertex 5.2970925951919705 25.13331043648942 19.1
    endloop
  endfacet
  facet normal 0 0 1
    outer loop
      vertex 5.733379127021159 23.40581480961606 19.1
      vertex 5.53002503742904 25.69565909765484 19.1
      vertex 5.441252070717607 25.40301384551046 19.1
    endloop
  endfacet
  facet normal 0 0 1
    outer loop
      vertex 5.733379127021159 23.40581480961606 19.1
      vertex 5.5600000000000005 26 19.1
      vertex 5.53002503742904 25.69565909765484 19.1
    endloop
  endfacet
  facet normal 0 0 1
    outer loop
      vertex 5.733379127021159 23.40581480961606 19.1
      vertex 6.206173157302029 23.79382684269797 19.1
      vertex 5.733379127021159 28.59418519038394 19.1
    endloop
  endfacet
  facet normal 0 0 1
    outer loop
      vertex 5.733379127021159 23.40581480961606 19.1
      vertex 5.733379127021159 28.59418519038394 19.1
      vertex 5.5600000000000005 26 19.1
    endloop
  endfacet
  facet normal 0 0 1
    outer loop
      vertex 6.206173157302029 23.79382684269797 19.1
      vertex 6.594185190383941 24.26662087297884 19.1
      vertex 6.206173157302029 28.20617315730203 19.1
    endloop
  endfacet
  facet normal 0 0 1
    outer loop
      vertex 6.594185190383941 24.26662087297884 19.1
      vertex 6.882504141435215 24.80602769102092 19.1
      vertex 6.594185190383941 27.73337912702116 19.1
    endloop
  endfacet
  facet normal 0 0 1
    outer loop
      vertex 6.882504141435215 24.80602769102092 19.1
      vertex 7.060050074858079 25.39131819530968 19.1
      vertex 6.882504141435215 27.19397230897908 19.1
    endloop
  endfacet
  facet normal 0 0 1
    outer loop
      vertex 7.060050074858079 25.39131819530968 19.1
      vertex 7.12 26 19.1
      vertex 7.060050074858079 26.60868180469032 19.1
    endloop
  endfacet
  facet normal 0 0 1
    outer loop
      vertex 3.69565909765484 27.53002503742904 19.1
      vertex 4 27.56 19.1
      vertex 4.219638712704182 28.92314112186432 19.1
    endloop
  endfacet
  facet normal 0 0 1
    outer loop
      vertex 4 27.56 19.1
      vertex 4.30434090234516 27.53002503742904 19.1
      vertex 4.219638712704182 28.92314112186432 19.1
    endloop
  endfacet
  facet normal 0 0 1
    outer loop
      vertex 4.30434090234516 27.53002503742904 19.1
      vertex 4.5969861544895405 27.441252070717606 19.1
      vertex 4.833590335093544 28.99182481804526 19.1
    endloop
  endfacet
  facet normal 0 0 1
    outer loop
      vertex 5.5600000000000005 26 19.1
      vertex 5.733379127021159 28.59418519038394 19.1
      vertex 5.53002503742904 26.30434090234516 19.1
    endloop
  endfacet
  facet normal 0 0 1
    outer loop
      vertex 5.53002503742904 26.30434090234516 19.1
      vertex 5.733379127021159 28.59418519038394 19.1
      vertex 5.441252070717607 26.59698615448954 19.1
    endloop
  endfacet
  facet normal 0 0 1
    outer loop
      vertex 4.86668956351058 27.29709259519197 19.1
      vertex 4.833590335093544 28.99182481804526 19.1
      vertex 4.5969861544895405 27.441252070717606 19.1
    endloop
  endfacet
  facet normal 0 0 1
    outer loop
      vertex 4.86668956351058 27.29709259519197 19.1
      vertex 5.1030865786510144 27.103086578651013 19.1
      vertex 5.19397230897908 28.882504141435213 19.1
    endloop
  endfacet
  facet normal 0 0 1
    outer loop
      vertex 5.1030865786510144 27.103086578651013 19.1
      vertex 5.2970925951919705 26.86668956351058 19.1
      vertex 5.19397230897908 28.882504141435213 19.1
    endloop
  endfacet
  facet normal 0 0 1
    outer loop
      vertex 5.441252070717607 26.59698615448954 19.1
      vertex 5.19397230897908 28.882504141435213 19.1
      vertex 5.2970925951919705 26.86668956351058 19.1
    endloop
  endfacet
  facet normal 0 0 1
    outer loop
      vertex 5.441252070717607 26.59698615448954 19.1
      vertex 5.733379127021159 28.59418519038394 19.1
      vertex 5.19397230897908 28.882504141435213 19.1
    endloop
  endfacet
  facet normal 0 0 1
    outer loop
      vertex 3.69565909765484 27.53002503742904 19.1
      vertex 4.219638712704182 28.92314112186432 19.1
      vertex 3.838861294090748 28.827761344611645 19.1
    endloop
  endfacet
  facet normal 0 0 1
    outer loop
      vertex 4.30434090234516 27.53002503742904 19.1
      vertex 4.607931435108185 28.980738908052444 19.1
      vertex 4.219638712704182 28.92314112186432 19.1
    endloop
  endfacet
  facet normal 0 0 1
    outer loop
      vertex 4.30434090234516 27.53002503742904 19.1
      vertex 4.833590335093544 28.99182481804526 19.1
      vertex 4.607931435108185 28.980738908052444 19.1
    endloop
  endfacet
  facet normal 0 0 1
    outer loop
      vertex 4.86668956351058 27.29709259519197 19.1
      vertex 5.19397230897908 28.882504141435213 19.1
      vertex 4.833590335093544 28.99182481804526 19.1
    endloop
  endfacet
  facet normal 0 0 1
    outer loop
      vertex 6.206173157302029 23.79382684269797 19.1
      vertex 6.206173157302029 28.20617315730203 19.1
      vertex 5.733379127021159 28.59418519038394 19.1
    endloop
  endfacet
  facet normal 0 0 1
    outer loop
      vertex 6.594185190383941 24.26662087297884 19.1
      vertex 6.594185190383941 27.73337912702116 19.1
      vertex 6.206173157302029 28.20617315730203 19.1
    endloop
  endfacet
  facet normal 0 0 1
    outer loop
      vertex 6.882504141435215 24.80602769102092 19.1
      vertex 6.882504141435215 27.19397230897908 19.1
      vertex 6.594185190383941 27.73337912702116 19.1
    endloop
  endfacet
  facet normal 0 0 1
    outer loop
      vertex 7.060050074858079 25.39131819530968 19.1
      vertex 7.060050074858079 26.60868180469032 19.1
      vertex 6.882504141435215 27.19397230897908 19.1
    endloop
  endfacet
endsolid OpenSCAD_Model
